timestamp,release_name,release_id,is_prerelease,asset_name,os_name,architecture,java_type,total_downloads
2025-07-29T00:18:00,sapmachine-26+7,234405898,True,sapmachine-jdk-26-ea.7_aix-ppc64_bin-symbols.tar.gz,aix,ppc64,jdk,1
2025-07-29T00:18:00,sapmachine-26+7,234405898,True,sapmachine-jdk-26-ea.7_aix-ppc64_bin.tar.gz,aix,ppc64,jdk,27
2025-07-29T00:18:00,sapmachine-26+7,234405898,True,sapmachine-jdk-26-ea.7_linux-aarch64_bin-symbols.tar.gz,linux,aarch64,jdk,0
2025-07-29T00:18:00,sapmachine-26+7,234405898,True,sapmachine-jdk-26-ea.7_linux-aarch64_bin.tar.gz,linux,aarch64,jdk,27
2025-07-29T00:18:00,sapmachine-26+7,234405898,True,sapmachine-jdk-26-ea.7_linux-ppc64le_bin-symbols.tar.gz,linux,ppc64,jdk,0
2025-07-29T00:18:00,sapmachine-26+7,234405898,True,sapmachine-jdk-26-ea.7_linux-ppc64le_bin.tar.gz,linux,ppc64,jdk,28
2025-07-29T00:18:00,sapmachine-26+7,234405898,True,sapmachine-jdk-26-ea.7_linux-x64-musl_bin-symbols.tar.gz,alpine,x64,jdk,0
2025-07-29T00:18:00,sapmachine-26+7,234405898,True,sapmachine-jdk-26-ea.7_linux-x64-musl_bin.tar.gz,alpine,x64,jdk,30
2025-07-29T00:18:00,sapmachine-26+7,234405898,True,sapmachine-jdk-26-ea.7_linux-x64_bin-symbols.tar.gz,linux,x64,jdk,0
2025-07-29T00:18:00,sapmachine-26+7,234405898,True,sapmachine-jdk-26-ea.7_linux-x64_bin.tar.gz,linux,x64,jdk,30
2025-07-29T00:18:00,sapmachine-26+7,234405898,True,sapmachine-jdk-26-ea.7_macos-aarch64_bin-symbols.tar.gz,macos,aarch64,jdk,0
2025-07-29T00:18:00,sapmachine-26+7,234405898,True,sapmachine-jdk-26-ea.7_macos-aarch64_bin.dmg,macos,aarch64,jdk,34
2025-07-29T00:18:00,sapmachine-26+7,234405898,True,sapmachine-jdk-26-ea.7_macos-aarch64_bin.tar.gz,macos,aarch64,jdk,31
2025-07-29T00:18:00,sapmachine-26+7,234405898,True,sapmachine-jdk-26-ea.7_macos-x64_bin-symbols.tar.gz,macos,x64,jdk,0
2025-07-29T00:18:00,sapmachine-26+7,234405898,True,sapmachine-jdk-26-ea.7_macos-x64_bin.dmg,macos,x64,jdk,27
2025-07-29T00:18:00,sapmachine-26+7,234405898,True,sapmachine-jdk-26-ea.7_macos-x64_bin.tar.gz,macos,x64,jdk,27
2025-07-29T00:18:00,sapmachine-26+7,234405898,True,sapmachine-jdk-26-ea.7_windows-x64_bin-symbols.tar.gz,windows,x64,jdk,0
2025-07-29T00:18:00,sapmachine-26+7,234405898,True,sapmachine-jdk-26-ea.7_windows-x64_bin.zip,windows,x64,jdk,31
2025-07-29T00:18:00,sapmachine-26+7,234405898,True,sapmachine-jre-26-ea.7_aix-ppc64_bin.tar.gz,aix,ppc64,jre,27
2025-07-29T00:18:00,sapmachine-26+7,234405898,True,sapmachine-jre-26-ea.7_linux-aarch64_bin.tar.gz,linux,aarch64,jre,27
2025-07-29T00:18:00,sapmachine-26+7,234405898,True,sapmachine-jre-26-ea.7_linux-ppc64le_bin.tar.gz,linux,ppc64,jre,29
2025-07-29T00:18:00,sapmachine-26+7,234405898,True,sapmachine-jre-26-ea.7_linux-x64-musl_bin.tar.gz,alpine,x64,jre,30
2025-07-29T00:18:00,sapmachine-26+7,234405898,True,sapmachine-jre-26-ea.7_linux-x64_bin.tar.gz,linux,x64,jre,30
2025-07-29T00:18:00,sapmachine-26+7,234405898,True,sapmachine-jre-26-ea.7_macos-aarch64_bin.dmg,macos,aarch64,jre,31
2025-07-29T00:18:00,sapmachine-26+7,234405898,True,sapmachine-jre-26-ea.7_macos-aarch64_bin.tar.gz,macos,aarch64,jre,30
2025-07-29T00:18:00,sapmachine-26+7,234405898,True,sapmachine-jre-26-ea.7_macos-x64_bin.dmg,macos,x64,jre,27
2025-07-29T00:18:00,sapmachine-26+7,234405898,True,sapmachine-jre-26-ea.7_macos-x64_bin.tar.gz,macos,x64,jre,27
2025-07-29T00:18:00,sapmachine-26+7,234405898,True,sapmachine-jre-26-ea.7_windows-x64_bin.zip,windows,x64,jre,30
2025-07-29T00:18:00,sapmachine-25+32,234405943,True,sapmachine-jdk-25-ea.32_aix-ppc64_bin-symbols.tar.gz,aix,ppc64,jdk,0
2025-07-29T00:18:00,sapmachine-25+32,234405943,True,sapmachine-jdk-25-ea.32_aix-ppc64_bin.tar.gz,aix,ppc64,jdk,30
2025-07-29T00:18:00,sapmachine-25+32,234405943,True,sapmachine-jdk-25-ea.32_linux-aarch64_bin-symbols.tar.gz,linux,aarch64,jdk,0
2025-07-29T00:18:00,sapmachine-25+32,234405943,True,sapmachine-jdk-25-ea.32_linux-aarch64_bin.tar.gz,linux,aarch64,jdk,27
2025-07-29T00:18:00,sapmachine-25+32,234405943,True,sapmachine-jdk-25-ea.32_linux-ppc64le_bin-symbols.tar.gz,linux,ppc64,jdk,0
2025-07-29T00:18:00,sapmachine-25+32,234405943,True,sapmachine-jdk-25-ea.32_linux-ppc64le_bin.tar.gz,linux,ppc64,jdk,27
2025-07-29T00:18:00,sapmachine-25+32,234405943,True,sapmachine-jdk-25-ea.32_linux-x64-musl_bin-symbols.tar.gz,alpine,x64,jdk,0
2025-07-29T00:18:00,sapmachine-25+32,234405943,True,sapmachine-jdk-25-ea.32_linux-x64-musl_bin.tar.gz,alpine,x64,jdk,30
2025-07-29T00:18:00,sapmachine-25+32,234405943,True,sapmachine-jdk-25-ea.32_linux-x64_bin-symbols.tar.gz,linux,x64,jdk,0
2025-07-29T00:18:00,sapmachine-25+32,234405943,True,sapmachine-jdk-25-ea.32_linux-x64_bin.tar.gz,linux,x64,jdk,28
2025-07-29T00:18:00,sapmachine-25+32,234405943,True,sapmachine-jdk-25-ea.32_macos-aarch64_bin-symbols.tar.gz,macos,aarch64,jdk,0
2025-07-29T00:18:00,sapmachine-25+32,234405943,True,sapmachine-jdk-25-ea.32_macos-aarch64_bin.dmg,macos,aarch64,jdk,33
2025-07-29T00:18:00,sapmachine-25+32,234405943,True,sapmachine-jdk-25-ea.32_macos-aarch64_bin.tar.gz,macos,aarch64,jdk,32
2025-07-29T00:18:00,sapmachine-25+32,234405943,True,sapmachine-jdk-25-ea.32_macos-x64_bin-symbols.tar.gz,macos,x64,jdk,0
2025-07-29T00:18:00,sapmachine-25+32,234405943,True,sapmachine-jdk-25-ea.32_macos-x64_bin.dmg,macos,x64,jdk,28
2025-07-29T00:18:00,sapmachine-25+32,234405943,True,sapmachine-jdk-25-ea.32_macos-x64_bin.tar.gz,macos,x64,jdk,27
2025-07-29T00:18:00,sapmachine-25+32,234405943,True,sapmachine-jdk-25-ea.32_windows-x64_bin-symbols.tar.gz,windows,x64,jdk,0
2025-07-29T00:18:00,sapmachine-25+32,234405943,True,sapmachine-jdk-25-ea.32_windows-x64_bin.zip,windows,x64,jdk,31
2025-07-29T00:18:00,sapmachine-25+32,234405943,True,sapmachine-jre-25-ea.32_aix-ppc64_bin.tar.gz,aix,ppc64,jre,30
2025-07-29T00:18:00,sapmachine-25+32,234405943,True,sapmachine-jre-25-ea.32_linux-aarch64_bin.tar.gz,linux,aarch64,jre,27
2025-07-29T00:18:00,sapmachine-25+32,234405943,True,sapmachine-jre-25-ea.32_linux-ppc64le_bin.tar.gz,linux,ppc64,jre,27
2025-07-29T00:18:00,sapmachine-25+32,234405943,True,sapmachine-jre-25-ea.32_linux-x64-musl_bin.tar.gz,alpine,x64,jre,30
2025-07-29T00:18:00,sapmachine-25+32,234405943,True,sapmachine-jre-25-ea.32_linux-x64_bin.tar.gz,linux,x64,jre,27
2025-07-29T00:18:00,sapmachine-25+32,234405943,True,sapmachine-jre-25-ea.32_macos-aarch64_bin.dmg,macos,aarch64,jre,29
2025-07-29T00:18:00,sapmachine-25+32,234405943,True,sapmachine-jre-25-ea.32_macos-aarch64_bin.tar.gz,macos,aarch64,jre,30
2025-07-29T00:18:00,sapmachine-25+32,234405943,True,sapmachine-jre-25-ea.32_macos-x64_bin.dmg,macos,x64,jre,27
2025-07-29T00:18:00,sapmachine-25+32,234405943,True,sapmachine-jre-25-ea.32_macos-x64_bin.tar.gz,macos,x64,jre,27
2025-07-29T00:18:00,sapmachine-25+32,234405943,True,sapmachine-jre-25-ea.32_windows-x64_bin.zip,windows,x64,jre,29
2025-07-29T00:18:00,sapmachine-21.0.9+1,234286061,True,sapmachine-jdk-21.0.9-ea.1_aix-ppc64_bin-symbols.tar.gz,aix,ppc64,jdk,0
2025-07-29T00:18:00,sapmachine-21.0.9+1,234286061,True,sapmachine-jdk-21.0.9-ea.1_aix-ppc64_bin.tar.gz,aix,ppc64,jdk,30
2025-07-29T00:18:00,sapmachine-21.0.9+1,234286061,True,sapmachine-jdk-21.0.9-ea.1_linux-aarch64_bin-symbols.tar.gz,linux,aarch64,jdk,0
2025-07-29T00:18:00,sapmachine-21.0.9+1,234286061,True,sapmachine-jdk-21.0.9-ea.1_linux-aarch64_bin.tar.gz,linux,aarch64,jdk,30
2025-07-29T00:18:00,sapmachine-21.0.9+1,234286061,True,sapmachine-jdk-21.0.9-ea.1_linux-ppc64le_bin-symbols.tar.gz,linux,ppc64,jdk,0
2025-07-29T00:18:00,sapmachine-21.0.9+1,234286061,True,sapmachine-jdk-21.0.9-ea.1_linux-ppc64le_bin.tar.gz,linux,ppc64,jdk,30
2025-07-29T00:18:00,sapmachine-21.0.9+1,234286061,True,sapmachine-jdk-21.0.9-ea.1_linux-x64-musl_bin-symbols.tar.gz,alpine,x64,jdk,0
2025-07-29T00:18:00,sapmachine-21.0.9+1,234286061,True,sapmachine-jdk-21.0.9-ea.1_linux-x64-musl_bin.tar.gz,alpine,x64,jdk,30
2025-07-29T00:18:00,sapmachine-21.0.9+1,234286061,True,sapmachine-jdk-21.0.9-ea.1_linux-x64_bin-symbols.tar.gz,linux,x64,jdk,0
2025-07-29T00:18:00,sapmachine-21.0.9+1,234286061,True,sapmachine-jdk-21.0.9-ea.1_linux-x64_bin.tar.gz,linux,x64,jdk,170
2025-07-29T00:18:00,sapmachine-21.0.9+1,234286061,True,sapmachine-jdk-21.0.9-ea.1_macos-aarch64_bin-symbols.tar.gz,macos,aarch64,jdk,0
2025-07-29T00:18:00,sapmachine-21.0.9+1,234286061,True,sapmachine-jdk-21.0.9-ea.1_macos-aarch64_bin.dmg,macos,aarch64,jdk,33
2025-07-29T00:18:00,sapmachine-21.0.9+1,234286061,True,sapmachine-jdk-21.0.9-ea.1_macos-aarch64_bin.tar.gz,macos,aarch64,jdk,188
2025-07-29T00:18:00,sapmachine-21.0.9+1,234286061,True,sapmachine-jdk-21.0.9-ea.1_macos-x64_bin-symbols.tar.gz,macos,x64,jdk,0
2025-07-29T00:18:00,sapmachine-21.0.9+1,234286061,True,sapmachine-jdk-21.0.9-ea.1_macos-x64_bin.dmg,macos,x64,jdk,30
2025-07-29T00:18:00,sapmachine-21.0.9+1,234286061,True,sapmachine-jdk-21.0.9-ea.1_macos-x64_bin.tar.gz,macos,x64,jdk,30
2025-07-29T00:18:00,sapmachine-21.0.9+1,234286061,True,sapmachine-jdk-21.0.9-ea.1_windows-x64_bin-symbols.tar.gz,windows,x64,jdk,0
2025-07-29T00:18:00,sapmachine-21.0.9+1,234286061,True,sapmachine-jdk-21.0.9-ea.1_windows-x64_bin.zip,windows,x64,jdk,171
2025-07-29T00:18:00,sapmachine-21.0.9+1,234286061,True,sapmachine-jre-21.0.9-ea.1_aix-ppc64_bin.tar.gz,aix,ppc64,jre,30
2025-07-29T00:18:00,sapmachine-21.0.9+1,234286061,True,sapmachine-jre-21.0.9-ea.1_linux-aarch64_bin.tar.gz,linux,aarch64,jre,30
2025-07-29T00:18:00,sapmachine-21.0.9+1,234286061,True,sapmachine-jre-21.0.9-ea.1_linux-ppc64le_bin.tar.gz,linux,ppc64,jre,30
2025-07-29T00:18:00,sapmachine-21.0.9+1,234286061,True,sapmachine-jre-21.0.9-ea.1_linux-x64-musl_bin.tar.gz,alpine,x64,jre,30
2025-07-29T00:18:00,sapmachine-21.0.9+1,234286061,True,sapmachine-jre-21.0.9-ea.1_linux-x64_bin.tar.gz,linux,x64,jre,30
2025-07-29T00:18:00,sapmachine-21.0.9+1,234286061,True,sapmachine-jre-21.0.9-ea.1_macos-aarch64_bin.dmg,macos,aarch64,jre,32
2025-07-29T00:18:00,sapmachine-21.0.9+1,234286061,True,sapmachine-jre-21.0.9-ea.1_macos-aarch64_bin.tar.gz,macos,aarch64,jre,33
2025-07-29T00:18:00,sapmachine-21.0.9+1,234286061,True,sapmachine-jre-21.0.9-ea.1_macos-x64_bin.dmg,macos,x64,jre,30
2025-07-29T00:18:00,sapmachine-21.0.9+1,234286061,True,sapmachine-jre-21.0.9-ea.1_macos-x64_bin.tar.gz,macos,x64,jre,30
2025-07-29T00:18:00,sapmachine-21.0.9+1,234286061,True,sapmachine-jre-21.0.9-ea.1_windows-x64_bin.zip,windows,x64,jre,33
2025-07-29T00:18:00,sapmachine-26+6,232375905,True,sapmachine-jdk-26-ea.6_aix-ppc64_bin-symbols.tar.gz,aix,ppc64,jdk,0
2025-07-29T00:18:00,sapmachine-26+6,232375905,True,sapmachine-jdk-26-ea.6_aix-ppc64_bin.tar.gz,aix,ppc64,jdk,48
2025-07-29T00:18:00,sapmachine-26+6,232375905,True,sapmachine-jdk-26-ea.6_linux-aarch64_bin-symbols.tar.gz,linux,aarch64,jdk,0
2025-07-29T00:18:00,sapmachine-26+6,232375905,True,sapmachine-jdk-26-ea.6_linux-aarch64_bin.tar.gz,linux,aarch64,jdk,48
2025-07-29T00:18:00,sapmachine-26+6,232375905,True,sapmachine-jdk-26-ea.6_linux-ppc64le_bin-symbols.tar.gz,linux,ppc64,jdk,0
2025-07-29T00:18:00,sapmachine-26+6,232375905,True,sapmachine-jdk-26-ea.6_linux-ppc64le_bin.tar.gz,linux,ppc64,jdk,51
2025-07-29T00:18:00,sapmachine-26+6,232375905,True,sapmachine-jdk-26-ea.6_linux-x64-musl_bin-symbols.tar.gz,alpine,x64,jdk,0
2025-07-29T00:18:00,sapmachine-26+6,232375905,True,sapmachine-jdk-26-ea.6_linux-x64-musl_bin.tar.gz,alpine,x64,jdk,51
2025-07-29T00:18:00,sapmachine-26+6,232375905,True,sapmachine-jdk-26-ea.6_linux-x64_bin-symbols.tar.gz,linux,x64,jdk,0
2025-07-29T00:18:00,sapmachine-26+6,232375905,True,sapmachine-jdk-26-ea.6_linux-x64_bin.tar.gz,linux,x64,jdk,51
2025-07-29T00:18:00,sapmachine-26+6,232375905,True,sapmachine-jdk-26-ea.6_macos-aarch64_bin-symbols.tar.gz,macos,aarch64,jdk,0
2025-07-29T00:18:00,sapmachine-26+6,232375905,True,sapmachine-jdk-26-ea.6_macos-aarch64_bin.dmg,macos,aarch64,jdk,55
2025-07-29T00:18:00,sapmachine-26+6,232375905,True,sapmachine-jdk-26-ea.6_macos-aarch64_bin.tar.gz,macos,aarch64,jdk,52
2025-07-29T00:18:00,sapmachine-26+6,232375905,True,sapmachine-jdk-26-ea.6_macos-x64_bin-symbols.tar.gz,macos,x64,jdk,0
2025-07-29T00:18:00,sapmachine-26+6,232375905,True,sapmachine-jdk-26-ea.6_macos-x64_bin.dmg,macos,x64,jdk,48
2025-07-29T00:18:00,sapmachine-26+6,232375905,True,sapmachine-jdk-26-ea.6_macos-x64_bin.tar.gz,macos,x64,jdk,48
2025-07-29T00:18:00,sapmachine-26+6,232375905,True,sapmachine-jdk-26-ea.6_windows-x64_bin-symbols.tar.gz,windows,x64,jdk,1
2025-07-29T00:18:00,sapmachine-26+6,232375905,True,sapmachine-jdk-26-ea.6_windows-x64_bin.zip,windows,x64,jdk,51
2025-07-29T00:18:00,sapmachine-26+6,232375905,True,sapmachine-jre-26-ea.6_aix-ppc64_bin.tar.gz,aix,ppc64,jre,48
2025-07-29T00:18:00,sapmachine-26+6,232375905,True,sapmachine-jre-26-ea.6_linux-aarch64_bin.tar.gz,linux,aarch64,jre,48
2025-07-29T00:18:00,sapmachine-26+6,232375905,True,sapmachine-jre-26-ea.6_linux-ppc64le_bin.tar.gz,linux,ppc64,jre,52
2025-07-29T00:18:00,sapmachine-26+6,232375905,True,sapmachine-jre-26-ea.6_linux-x64-musl_bin.tar.gz,alpine,x64,jre,51
2025-07-29T00:18:00,sapmachine-26+6,232375905,True,sapmachine-jre-26-ea.6_linux-x64_bin.tar.gz,linux,x64,jre,51
2025-07-29T00:18:00,sapmachine-26+6,232375905,True,sapmachine-jre-26-ea.6_macos-aarch64_bin.dmg,macos,aarch64,jre,53
2025-07-29T00:18:00,sapmachine-26+6,232375905,True,sapmachine-jre-26-ea.6_macos-aarch64_bin.tar.gz,macos,aarch64,jre,51
2025-07-29T00:18:00,sapmachine-26+6,232375905,True,sapmachine-jre-26-ea.6_macos-x64_bin.dmg,macos,x64,jre,48
2025-07-29T00:18:00,sapmachine-26+6,232375905,True,sapmachine-jre-26-ea.6_macos-x64_bin.tar.gz,macos,x64,jre,48
2025-07-29T00:18:00,sapmachine-26+6,232375905,True,sapmachine-jre-26-ea.6_windows-x64_bin.zip,windows,x64,jre,54
2025-07-29T00:18:00,sapmachine-25+31,232376527,True,sapmachine-jdk-25-ea.31_aix-ppc64_bin-symbols.tar.gz,aix,ppc64,jdk,0
2025-07-29T00:18:00,sapmachine-25+31,232376527,True,sapmachine-jdk-25-ea.31_aix-ppc64_bin.tar.gz,aix,ppc64,jdk,52
2025-07-29T00:18:00,sapmachine-25+31,232376527,True,sapmachine-jdk-25-ea.31_linux-aarch64_bin-symbols.tar.gz,linux,aarch64,jdk,0
2025-07-29T00:18:00,sapmachine-25+31,232376527,True,sapmachine-jdk-25-ea.31_linux-aarch64_bin.tar.gz,linux,aarch64,jdk,48
2025-07-29T00:18:00,sapmachine-25+31,232376527,True,sapmachine-jdk-25-ea.31_linux-ppc64le_bin-symbols.tar.gz,linux,ppc64,jdk,0
2025-07-29T00:18:00,sapmachine-25+31,232376527,True,sapmachine-jdk-25-ea.31_linux-ppc64le_bin.tar.gz,linux,ppc64,jdk,48
2025-07-29T00:18:00,sapmachine-25+31,232376527,True,sapmachine-jdk-25-ea.31_linux-x64-musl_bin-symbols.tar.gz,alpine,x64,jdk,0
2025-07-29T00:18:00,sapmachine-25+31,232376527,True,sapmachine-jdk-25-ea.31_linux-x64-musl_bin.tar.gz,alpine,x64,jdk,51
2025-07-29T00:18:00,sapmachine-25+31,232376527,True,sapmachine-jdk-25-ea.31_linux-x64_bin-symbols.tar.gz,linux,x64,jdk,0
2025-07-29T00:18:00,sapmachine-25+31,232376527,True,sapmachine-jdk-25-ea.31_linux-x64_bin.tar.gz,linux,x64,jdk,51
2025-07-29T00:18:00,sapmachine-25+31,232376527,True,sapmachine-jdk-25-ea.31_macos-aarch64_bin-symbols.tar.gz,macos,aarch64,jdk,0
2025-07-29T00:18:00,sapmachine-25+31,232376527,True,sapmachine-jdk-25-ea.31_macos-aarch64_bin.dmg,macos,aarch64,jdk,55
2025-07-29T00:18:00,sapmachine-25+31,232376527,True,sapmachine-jdk-25-ea.31_macos-aarch64_bin.tar.gz,macos,aarch64,jdk,53
2025-07-29T00:18:00,sapmachine-25+31,232376527,True,sapmachine-jdk-25-ea.31_macos-x64_bin-symbols.tar.gz,macos,x64,jdk,0
2025-07-29T00:18:00,sapmachine-25+31,232376527,True,sapmachine-jdk-25-ea.31_macos-x64_bin.dmg,macos,x64,jdk,49
2025-07-29T00:18:00,sapmachine-25+31,232376527,True,sapmachine-jdk-25-ea.31_macos-x64_bin.tar.gz,macos,x64,jdk,48
2025-07-29T00:18:00,sapmachine-25+31,232376527,True,sapmachine-jdk-25-ea.31_windows-x64_bin-symbols.tar.gz,windows,x64,jdk,0
2025-07-29T00:18:00,sapmachine-25+31,232376527,True,sapmachine-jdk-25-ea.31_windows-x64_bin.zip,windows,x64,jdk,54
2025-07-29T00:18:00,sapmachine-25+31,232376527,True,sapmachine-jre-25-ea.31_aix-ppc64_bin.tar.gz,aix,ppc64,jre,51
2025-07-29T00:18:00,sapmachine-25+31,232376527,True,sapmachine-jre-25-ea.31_linux-aarch64_bin.tar.gz,linux,aarch64,jre,48
2025-07-29T00:18:00,sapmachine-25+31,232376527,True,sapmachine-jre-25-ea.31_linux-ppc64le_bin.tar.gz,linux,ppc64,jre,48
2025-07-29T00:18:00,sapmachine-25+31,232376527,True,sapmachine-jre-25-ea.31_linux-x64-musl_bin.tar.gz,alpine,x64,jre,51
2025-07-29T00:18:00,sapmachine-25+31,232376527,True,sapmachine-jre-25-ea.31_linux-x64_bin.tar.gz,linux,x64,jre,51
2025-07-29T00:18:00,sapmachine-25+31,232376527,True,sapmachine-jre-25-ea.31_macos-aarch64_bin.dmg,macos,aarch64,jre,49
2025-07-29T00:18:00,sapmachine-25+31,232376527,True,sapmachine-jre-25-ea.31_macos-aarch64_bin.tar.gz,macos,aarch64,jre,49
2025-07-29T00:18:00,sapmachine-25+31,232376527,True,sapmachine-jre-25-ea.31_macos-x64_bin.dmg,macos,x64,jre,48
2025-07-29T00:18:00,sapmachine-25+31,232376527,True,sapmachine-jre-25-ea.31_macos-x64_bin.tar.gz,macos,x64,jre,48
2025-07-29T00:18:00,sapmachine-25+31,232376527,True,sapmachine-jre-25-ea.31_windows-x64_bin.zip,windows,x64,jre,51
2025-07-29T00:18:00,sapmachine-24.0.2,232633082,False,sapmachine-jdk-24.0.2_aix-ppc64_bin-symbols.tar.gz,aix,ppc64,jdk,0
2025-07-29T00:18:00,sapmachine-24.0.2,232633082,False,sapmachine-jdk-24.0.2_aix-ppc64_bin.tar.gz,aix,ppc64,jdk,77
2025-07-29T00:18:00,sapmachine-24.0.2,232633082,False,sapmachine-jdk-24.0.2_linux-aarch64_bin-symbols.tar.gz,linux,aarch64,jdk,0
2025-07-29T00:18:00,sapmachine-24.0.2,232633082,False,sapmachine-jdk-24.0.2_linux-aarch64_bin.tar.gz,linux,aarch64,jdk,129
2025-07-29T00:18:00,sapmachine-24.0.2,232633082,False,sapmachine-jdk-24.0.2_linux-ppc64le_bin-symbols.tar.gz,linux,ppc64,jdk,0
2025-07-29T00:18:00,sapmachine-24.0.2,232633082,False,sapmachine-jdk-24.0.2_linux-ppc64le_bin.tar.gz,linux,ppc64,jdk,83
2025-07-29T00:18:00,sapmachine-24.0.2,232633082,False,sapmachine-jdk-24.0.2_linux-x64-musl_bin-symbols.tar.gz,alpine,x64,jdk,0
2025-07-29T00:18:00,sapmachine-24.0.2,232633082,False,sapmachine-jdk-24.0.2_linux-x64-musl_bin.tar.gz,alpine,x64,jdk,68
2025-07-29T00:18:00,sapmachine-24.0.2,232633082,False,sapmachine-jdk-24.0.2_linux-x64_bin-symbols.tar.gz,linux,x64,jdk,0
2025-07-29T00:18:00,sapmachine-24.0.2,232633082,False,sapmachine-jdk-24.0.2_linux-x64_bin.tar.gz,linux,x64,jdk,704
2025-07-29T00:18:00,sapmachine-24.0.2,232633082,False,sapmachine-jdk-24.0.2_macos-aarch64_bin-symbols.tar.gz,macos,aarch64,jdk,2
2025-07-29T00:18:00,sapmachine-24.0.2,232633082,False,sapmachine-jdk-24.0.2_macos-aarch64_bin.dmg,macos,aarch64,jdk,557
2025-07-29T00:18:00,sapmachine-24.0.2,232633082,False,sapmachine-jdk-24.0.2_macos-aarch64_bin.tar.gz,macos,aarch64,jdk,637
2025-07-29T00:18:00,sapmachine-24.0.2,232633082,False,sapmachine-jdk-24.0.2_macos-x64_bin-symbols.tar.gz,macos,x64,jdk,2
2025-07-29T00:18:00,sapmachine-24.0.2,232633082,False,sapmachine-jdk-24.0.2_macos-x64_bin.dmg,macos,x64,jdk,154
2025-07-29T00:18:00,sapmachine-24.0.2,232633082,False,sapmachine-jdk-24.0.2_macos-x64_bin.tar.gz,macos,x64,jdk,204
2025-07-29T00:18:00,sapmachine-24.0.2,232633082,False,sapmachine-jdk-24.0.2_windows-x64_bin-symbols.tar.gz,windows,x64,jdk,0
2025-07-29T00:18:00,sapmachine-24.0.2,232633082,False,sapmachine-jdk-24.0.2_windows-x64_bin.msi,windows,x64,jdk,736
2025-07-29T00:18:00,sapmachine-24.0.2,232633082,False,sapmachine-jdk-24.0.2_windows-x64_bin.zip,windows,x64,jdk,212
2025-07-29T00:18:00,sapmachine-24.0.2,232633082,False,sapmachine-jre-24.0.2_aix-ppc64_bin.tar.gz,aix,ppc64,jre,52
2025-07-29T00:18:00,sapmachine-24.0.2,232633082,False,sapmachine-jre-24.0.2_linux-aarch64_bin.tar.gz,linux,aarch64,jre,65
2025-07-29T00:18:00,sapmachine-24.0.2,232633082,False,sapmachine-jre-24.0.2_linux-ppc64le_bin.tar.gz,linux,ppc64,jre,49
2025-07-29T00:18:00,sapmachine-24.0.2,232633082,False,sapmachine-jre-24.0.2_linux-x64-musl_bin.tar.gz,alpine,x64,jre,49
2025-07-29T00:18:00,sapmachine-24.0.2,232633082,False,sapmachine-jre-24.0.2_linux-x64_bin.tar.gz,linux,x64,jre,99
2025-07-29T00:18:00,sapmachine-24.0.2,232633082,False,sapmachine-jre-24.0.2_macos-aarch64_bin.dmg,macos,aarch64,jre,54
2025-07-29T00:18:00,sapmachine-24.0.2,232633082,False,sapmachine-jre-24.0.2_macos-aarch64_bin.tar.gz,macos,aarch64,jre,75
2025-07-29T00:18:00,sapmachine-24.0.2,232633082,False,sapmachine-jre-24.0.2_macos-x64_bin.dmg,macos,x64,jre,49
2025-07-29T00:18:00,sapmachine-24.0.2,232633082,False,sapmachine-jre-24.0.2_macos-x64_bin.tar.gz,macos,x64,jre,51
2025-07-29T00:18:00,sapmachine-24.0.2,232633082,False,sapmachine-jre-24.0.2_windows-x64_bin.msi,windows,x64,jre,202
2025-07-29T00:18:00,sapmachine-24.0.2,232633082,False,sapmachine-jre-24.0.2_windows-x64_bin.zip,windows,x64,jre,67
2025-07-29T00:18:00,sapmachine-21.0.8,232641954,False,sapmachine-jdk-21.0.8_aix-ppc64_bin-symbols.tar.gz,aix,ppc64,jdk,1
2025-07-29T00:18:00,sapmachine-21.0.8,232641954,False,sapmachine-jdk-21.0.8_aix-ppc64_bin.tar.gz,aix,ppc64,jdk,64
2025-07-29T00:18:00,sapmachine-21.0.8,232641954,False,sapmachine-jdk-21.0.8_linux-aarch64_bin-symbols.tar.gz,linux,aarch64,jdk,1
2025-07-29T00:18:00,sapmachine-21.0.8,232641954,False,sapmachine-jdk-21.0.8_linux-aarch64_bin.tar.gz,linux,aarch64,jdk,97
2025-07-29T00:18:00,sapmachine-21.0.8,232641954,False,sapmachine-jdk-21.0.8_linux-ppc64le_bin-symbols.tar.gz,linux,ppc64,jdk,1
2025-07-29T00:18:00,sapmachine-21.0.8,232641954,False,sapmachine-jdk-21.0.8_linux-ppc64le_bin.tar.gz,linux,ppc64,jdk,68
2025-07-29T00:18:00,sapmachine-21.0.8,232641954,False,sapmachine-jdk-21.0.8_linux-x64-musl_bin-symbols.tar.gz,alpine,x64,jdk,1
2025-07-29T00:18:00,sapmachine-21.0.8,232641954,False,sapmachine-jdk-21.0.8_linux-x64-musl_bin.tar.gz,alpine,x64,jdk,90
2025-07-29T00:18:00,sapmachine-21.0.8,232641954,False,sapmachine-jdk-21.0.8_linux-x64_bin-symbols.tar.gz,linux,x64,jdk,1
2025-07-29T00:18:00,sapmachine-21.0.8,232641954,False,sapmachine-jdk-21.0.8_linux-x64_bin.tar.gz,linux,x64,jdk,10160
2025-07-29T00:18:00,sapmachine-21.0.8,232641954,False,sapmachine-jdk-21.0.8_macos-aarch64_bin-symbols.tar.gz,macos,aarch64,jdk,3
2025-07-29T00:18:00,sapmachine-21.0.8,232641954,False,sapmachine-jdk-21.0.8_macos-aarch64_bin.dmg,macos,aarch64,jdk,340
2025-07-29T00:18:00,sapmachine-21.0.8,232641954,False,sapmachine-jdk-21.0.8_macos-aarch64_bin.tar.gz,macos,aarch64,jdk,17188
2025-07-29T00:18:00,sapmachine-21.0.8,232641954,False,sapmachine-jdk-21.0.8_macos-x64_bin-symbols.tar.gz,macos,x64,jdk,1
2025-07-29T00:18:00,sapmachine-21.0.8,232641954,False,sapmachine-jdk-21.0.8_macos-x64_bin.dmg,macos,x64,jdk,157
2025-07-29T00:18:00,sapmachine-21.0.8,232641954,False,sapmachine-jdk-21.0.8_macos-x64_bin.tar.gz,macos,x64,jdk,1218
2025-07-29T00:18:00,sapmachine-21.0.8,232641954,False,sapmachine-jdk-21.0.8_windows-x64_bin-symbols.tar.gz,windows,x64,jdk,1
2025-07-29T00:18:00,sapmachine-21.0.8,232641954,False,sapmachine-jdk-21.0.8_windows-x64_bin.msi,windows,x64,jdk,369
2025-07-29T00:18:00,sapmachine-21.0.8,232641954,False,sapmachine-jdk-21.0.8_windows-x64_bin.zip,windows,x64,jdk,669
2025-07-29T00:18:00,sapmachine-21.0.8,232641954,False,sapmachine-jre-21.0.8_aix-ppc64_bin.tar.gz,aix,ppc64,jre,49
2025-07-29T00:18:00,sapmachine-21.0.8,232641954,False,sapmachine-jre-21.0.8_linux-aarch64_bin.tar.gz,linux,aarch64,jre,88
2025-07-29T00:18:00,sapmachine-21.0.8,232641954,False,sapmachine-jre-21.0.8_linux-ppc64le_bin.tar.gz,linux,ppc64,jre,49
2025-07-29T00:18:00,sapmachine-21.0.8,232641954,False,sapmachine-jre-21.0.8_linux-x64-musl_bin.tar.gz,alpine,x64,jre,54
2025-07-29T00:18:00,sapmachine-21.0.8,232641954,False,sapmachine-jre-21.0.8_linux-x64_bin.tar.gz,linux,x64,jre,8024
2025-07-29T00:18:00,sapmachine-21.0.8,232641954,False,sapmachine-jre-21.0.8_macos-aarch64_bin.dmg,macos,aarch64,jre,59
2025-07-29T00:18:00,sapmachine-21.0.8,232641954,False,sapmachine-jre-21.0.8_macos-aarch64_bin.tar.gz,macos,aarch64,jre,176
2025-07-29T00:18:00,sapmachine-21.0.8,232641954,False,sapmachine-jre-21.0.8_macos-x64_bin.dmg,macos,x64,jre,52
2025-07-29T00:18:00,sapmachine-21.0.8,232641954,False,sapmachine-jre-21.0.8_macos-x64_bin.tar.gz,macos,x64,jre,88
2025-07-29T00:18:00,sapmachine-21.0.8,232641954,False,sapmachine-jre-21.0.8_windows-x64_bin.msi,windows,x64,jre,186
2025-07-29T00:18:00,sapmachine-21.0.8,232641954,False,sapmachine-jre-21.0.8_windows-x64_bin.zip,windows,x64,jre,117
2025-07-29T00:18:00,sapmachine-17.0.16,232645750,False,sapmachine-jdk-17.0.16_linux-aarch64_bin-symbols.tar.gz,linux,aarch64,jdk,1
2025-07-29T00:18:00,sapmachine-17.0.16,232645750,False,sapmachine-jdk-17.0.16_linux-aarch64_bin.tar.gz,linux,aarch64,jdk,84
2025-07-29T00:18:00,sapmachine-17.0.16,232645750,False,sapmachine-jdk-17.0.16_linux-ppc64le_bin-symbols.tar.gz,linux,ppc64,jdk,0
2025-07-29T00:18:00,sapmachine-17.0.16,232645750,False,sapmachine-jdk-17.0.16_linux-ppc64le_bin.tar.gz,linux,ppc64,jdk,61
2025-07-29T00:18:00,sapmachine-17.0.16,232645750,False,sapmachine-jdk-17.0.16_linux-x64-musl_bin-symbols.tar.gz,alpine,x64,jdk,0
2025-07-29T00:18:00,sapmachine-17.0.16,232645750,False,sapmachine-jdk-17.0.16_linux-x64-musl_bin.tar.gz,alpine,x64,jdk,57
2025-07-29T00:18:00,sapmachine-17.0.16,232645750,False,sapmachine-jdk-17.0.16_linux-x64_bin-symbols.tar.gz,linux,x64,jdk,0
2025-07-29T00:18:00,sapmachine-17.0.16,232645750,False,sapmachine-jdk-17.0.16_linux-x64_bin.tar.gz,linux,x64,jdk,17369
2025-07-29T00:18:00,sapmachine-17.0.16,232645750,False,sapmachine-jdk-17.0.16_macos-aarch64_bin-symbols.tar.gz,macos,aarch64,jdk,1
2025-07-29T00:18:00,sapmachine-17.0.16,232645750,False,sapmachine-jdk-17.0.16_macos-aarch64_bin.dmg,macos,aarch64,jdk,402
2025-07-29T00:18:00,sapmachine-17.0.16,232645750,False,sapmachine-jdk-17.0.16_macos-aarch64_bin.tar.gz,macos,aarch64,jdk,13956
2025-07-29T00:18:00,sapmachine-17.0.16,232645750,False,sapmachine-jdk-17.0.16_macos-x64_bin-symbols.tar.gz,macos,x64,jdk,1
2025-07-29T00:18:00,sapmachine-17.0.16,232645750,False,sapmachine-jdk-17.0.16_macos-x64_bin.dmg,macos,x64,jdk,153
2025-07-29T00:18:00,sapmachine-17.0.16,232645750,False,sapmachine-jdk-17.0.16_macos-x64_bin.tar.gz,macos,x64,jdk,1026
2025-07-29T00:18:00,sapmachine-17.0.16,232645750,False,sapmachine-jdk-17.0.16_windows-x64_bin-symbols.tar.gz,windows,x64,jdk,0
2025-07-29T00:18:00,sapmachine-17.0.16,232645750,False,sapmachine-jdk-17.0.16_windows-x64_bin.msi,windows,x64,jdk,415
2025-07-29T00:18:00,sapmachine-17.0.16,232645750,False,sapmachine-jdk-17.0.16_windows-x64_bin.zip,windows,x64,jdk,958
2025-07-29T00:18:00,sapmachine-17.0.16,232645750,False,sapmachine-jre-17.0.16_linux-aarch64_bin.tar.gz,linux,aarch64,jre,97
2025-07-29T00:18:00,sapmachine-17.0.16,232645750,False,sapmachine-jre-17.0.16_linux-ppc64le_bin.tar.gz,linux,ppc64,jre,49
2025-07-29T00:18:00,sapmachine-17.0.16,232645750,False,sapmachine-jre-17.0.16_linux-x64-musl_bin.tar.gz,alpine,x64,jre,59
2025-07-29T00:18:00,sapmachine-17.0.16,232645750,False,sapmachine-jre-17.0.16_linux-x64_bin.tar.gz,linux,x64,jre,17815
2025-07-29T00:18:00,sapmachine-17.0.16,232645750,False,sapmachine-jre-17.0.16_macos-aarch64_bin.dmg,macos,aarch64,jre,63
2025-07-29T00:18:00,sapmachine-17.0.16,232645750,False,sapmachine-jre-17.0.16_macos-aarch64_bin.tar.gz,macos,aarch64,jre,205
2025-07-29T00:18:00,sapmachine-17.0.16,232645750,False,sapmachine-jre-17.0.16_macos-x64_bin.dmg,macos,x64,jre,52
2025-07-29T00:18:00,sapmachine-17.0.16,232645750,False,sapmachine-jre-17.0.16_macos-x64_bin.tar.gz,macos,x64,jre,317
2025-07-29T00:18:00,sapmachine-17.0.16,232645750,False,sapmachine-jre-17.0.16_windows-x64_bin.msi,windows,x64,jre,585
2025-07-29T00:18:00,sapmachine-17.0.16,232645750,False,sapmachine-jre-17.0.16_windows-x64_bin.zip,windows,x64,jre,350
2025-07-29T00:18:00,sapmachine-11.0.28,232649124,False,sapmachine-jdk-11.0.28_linux-x64_bin-symbols.tar.gz,linux,x64,jdk,0
2025-07-29T00:18:00,sapmachine-11.0.28,232649124,False,sapmachine-jdk-11.0.28_linux-x64_bin.tar.gz,linux,x64,jdk,1597
2025-07-29T00:18:00,sapmachine-11.0.28,232649124,False,sapmachine-jre-11.0.28_linux-x64_bin.tar.gz,linux,x64,jre,653
2025-07-29T00:18:00,sapmachine-24.0.2+12,232663534,True,sapmachine-jdk-24.0.2-ea.12_aix-ppc64_bin-symbols.tar.gz,aix,ppc64,jdk,0
2025-07-29T00:18:00,sapmachine-24.0.2+12,232663534,True,sapmachine-jdk-24.0.2-ea.12_aix-ppc64_bin.tar.gz,aix,ppc64,jdk,48
2025-07-29T00:18:00,sapmachine-24.0.2+12,232663534,True,sapmachine-jdk-24.0.2-ea.12_linux-aarch64_bin-symbols.tar.gz,linux,aarch64,jdk,0
2025-07-29T00:18:00,sapmachine-24.0.2+12,232663534,True,sapmachine-jdk-24.0.2-ea.12_linux-aarch64_bin.tar.gz,linux,aarch64,jdk,47
2025-07-29T00:18:00,sapmachine-24.0.2+12,232663534,True,sapmachine-jdk-24.0.2-ea.12_linux-ppc64le_bin-symbols.tar.gz,linux,ppc64,jdk,0
2025-07-29T00:18:00,sapmachine-24.0.2+12,232663534,True,sapmachine-jdk-24.0.2-ea.12_linux-ppc64le_bin.tar.gz,linux,ppc64,jdk,47
2025-07-29T00:18:00,sapmachine-24.0.2+12,232663534,True,sapmachine-jdk-24.0.2-ea.12_linux-x64-musl_bin-symbols.tar.gz,alpine,x64,jdk,0
2025-07-29T00:18:00,sapmachine-24.0.2+12,232663534,True,sapmachine-jdk-24.0.2-ea.12_linux-x64-musl_bin.tar.gz,alpine,x64,jdk,47
2025-07-29T00:18:00,sapmachine-24.0.2+12,232663534,True,sapmachine-jdk-24.0.2-ea.12_linux-x64_bin-symbols.tar.gz,linux,x64,jdk,0
2025-07-29T00:18:00,sapmachine-24.0.2+12,232663534,True,sapmachine-jdk-24.0.2-ea.12_linux-x64_bin.tar.gz,linux,x64,jdk,47
2025-07-29T00:18:00,sapmachine-24.0.2+12,232663534,True,sapmachine-jdk-24.0.2-ea.12_macos-aarch64_bin-symbols.tar.gz,macos,aarch64,jdk,0
2025-07-29T00:18:00,sapmachine-24.0.2+12,232663534,True,sapmachine-jdk-24.0.2-ea.12_macos-aarch64_bin.dmg,macos,aarch64,jdk,54
2025-07-29T00:18:00,sapmachine-24.0.2+12,232663534,True,sapmachine-jdk-24.0.2-ea.12_macos-aarch64_bin.tar.gz,macos,aarch64,jdk,48
2025-07-29T00:18:00,sapmachine-24.0.2+12,232663534,True,sapmachine-jdk-24.0.2-ea.12_macos-x64_bin-symbols.tar.gz,macos,x64,jdk,0
2025-07-29T00:18:00,sapmachine-24.0.2+12,232663534,True,sapmachine-jdk-24.0.2-ea.12_macos-x64_bin.dmg,macos,x64,jdk,44
2025-07-29T00:18:00,sapmachine-24.0.2+12,232663534,True,sapmachine-jdk-24.0.2-ea.12_macos-x64_bin.tar.gz,macos,x64,jdk,44
2025-07-29T00:18:00,sapmachine-24.0.2+12,232663534,True,sapmachine-jdk-24.0.2-ea.12_windows-x64_bin-symbols.tar.gz,windows,x64,jdk,0
2025-07-29T00:18:00,sapmachine-24.0.2+12,232663534,True,sapmachine-jdk-24.0.2-ea.12_windows-x64_bin.zip,windows,x64,jdk,45
2025-07-29T00:18:00,sapmachine-24.0.2+12,232663534,True,sapmachine-jre-24.0.2-ea.12_aix-ppc64_bin.tar.gz,aix,ppc64,jre,48
2025-07-29T00:18:00,sapmachine-24.0.2+12,232663534,True,sapmachine-jre-24.0.2-ea.12_linux-aarch64_bin.tar.gz,linux,aarch64,jre,48
2025-07-29T00:18:00,sapmachine-24.0.2+12,232663534,True,sapmachine-jre-24.0.2-ea.12_linux-ppc64le_bin.tar.gz,linux,ppc64,jre,48
2025-07-29T00:18:00,sapmachine-24.0.2+12,232663534,True,sapmachine-jre-24.0.2-ea.12_linux-x64-musl_bin.tar.gz,alpine,x64,jre,48
2025-07-29T00:18:00,sapmachine-24.0.2+12,232663534,True,sapmachine-jre-24.0.2-ea.12_linux-x64_bin.tar.gz,linux,x64,jre,48
2025-07-29T00:18:00,sapmachine-24.0.2+12,232663534,True,sapmachine-jre-24.0.2-ea.12_macos-aarch64_bin.dmg,macos,aarch64,jre,52
2025-07-29T00:18:00,sapmachine-24.0.2+12,232663534,True,sapmachine-jre-24.0.2-ea.12_macos-aarch64_bin.tar.gz,macos,aarch64,jre,49
2025-07-29T00:18:00,sapmachine-24.0.2+12,232663534,True,sapmachine-jre-24.0.2-ea.12_macos-x64_bin.dmg,macos,x64,jre,45
2025-07-29T00:18:00,sapmachine-24.0.2+12,232663534,True,sapmachine-jre-24.0.2-ea.12_macos-x64_bin.tar.gz,macos,x64,jre,45
2025-07-29T00:18:00,sapmachine-24.0.2+12,232663534,True,sapmachine-jre-24.0.2-ea.12_windows-x64_bin.zip,windows,x64,jre,46
2025-07-29T00:18:00,sapmachine-21.0.8+9,232663420,True,sapmachine-jdk-21.0.8-ea.9_aix-ppc64_bin-symbols.tar.gz,aix,ppc64,jdk,0
2025-07-29T00:18:00,sapmachine-21.0.8+9,232663420,True,sapmachine-jdk-21.0.8-ea.9_aix-ppc64_bin.tar.gz,aix,ppc64,jdk,47
2025-07-29T00:18:00,sapmachine-21.0.8+9,232663420,True,sapmachine-jdk-21.0.8-ea.9_linux-aarch64_bin-symbols.tar.gz,linux,aarch64,jdk,0
2025-07-29T00:18:00,sapmachine-21.0.8+9,232663420,True,sapmachine-jdk-21.0.8-ea.9_linux-aarch64_bin.tar.gz,linux,aarch64,jdk,47
2025-07-29T00:18:00,sapmachine-21.0.8+9,232663420,True,sapmachine-jdk-21.0.8-ea.9_linux-ppc64le_bin-symbols.tar.gz,linux,ppc64,jdk,0
2025-07-29T00:18:00,sapmachine-21.0.8+9,232663420,True,sapmachine-jdk-21.0.8-ea.9_linux-ppc64le_bin.tar.gz,linux,ppc64,jdk,48
2025-07-29T00:18:00,sapmachine-21.0.8+9,232663420,True,sapmachine-jdk-21.0.8-ea.9_linux-x64-musl_bin-symbols.tar.gz,alpine,x64,jdk,0
2025-07-29T00:18:00,sapmachine-21.0.8+9,232663420,True,sapmachine-jdk-21.0.8-ea.9_linux-x64-musl_bin.tar.gz,alpine,x64,jdk,50
2025-07-29T00:18:00,sapmachine-21.0.8+9,232663420,True,sapmachine-jdk-21.0.8-ea.9_linux-x64_bin-symbols.tar.gz,linux,x64,jdk,0
2025-07-29T00:18:00,sapmachine-21.0.8+9,232663420,True,sapmachine-jdk-21.0.8-ea.9_linux-x64_bin.tar.gz,linux,x64,jdk,192
2025-07-29T00:18:00,sapmachine-21.0.8+9,232663420,True,sapmachine-jdk-21.0.8-ea.9_macos-aarch64_bin-symbols.tar.gz,macos,aarch64,jdk,0
2025-07-29T00:18:00,sapmachine-21.0.8+9,232663420,True,sapmachine-jdk-21.0.8-ea.9_macos-aarch64_bin.dmg,macos,aarch64,jdk,49
2025-07-29T00:18:00,sapmachine-21.0.8+9,232663420,True,sapmachine-jdk-21.0.8-ea.9_macos-aarch64_bin.tar.gz,macos,aarch64,jdk,207
2025-07-29T00:18:00,sapmachine-21.0.8+9,232663420,True,sapmachine-jdk-21.0.8-ea.9_macos-x64_bin-symbols.tar.gz,macos,x64,jdk,0
2025-07-29T00:18:00,sapmachine-21.0.8+9,232663420,True,sapmachine-jdk-21.0.8-ea.9_macos-x64_bin.dmg,macos,x64,jdk,44
2025-07-29T00:18:00,sapmachine-21.0.8+9,232663420,True,sapmachine-jdk-21.0.8-ea.9_macos-x64_bin.tar.gz,macos,x64,jdk,44
2025-07-29T00:18:00,sapmachine-21.0.8+9,232663420,True,sapmachine-jdk-21.0.8-ea.9_windows-x64_bin-symbols.tar.gz,windows,x64,jdk,0
2025-07-29T00:18:00,sapmachine-21.0.8+9,232663420,True,sapmachine-jdk-21.0.8-ea.9_windows-x64_bin.zip,windows,x64,jdk,172
2025-07-29T00:18:00,sapmachine-21.0.8+9,232663420,True,sapmachine-jre-21.0.8-ea.9_aix-ppc64_bin.tar.gz,aix,ppc64,jre,50
2025-07-29T00:18:00,sapmachine-21.0.8+9,232663420,True,sapmachine-jre-21.0.8-ea.9_linux-aarch64_bin.tar.gz,linux,aarch64,jre,47
2025-07-29T00:18:00,sapmachine-21.0.8+9,232663420,True,sapmachine-jre-21.0.8-ea.9_linux-ppc64le_bin.tar.gz,linux,ppc64,jre,47
2025-07-29T00:18:00,sapmachine-21.0.8+9,232663420,True,sapmachine-jre-21.0.8-ea.9_linux-x64-musl_bin.tar.gz,alpine,x64,jre,49
2025-07-29T00:18:00,sapmachine-21.0.8+9,232663420,True,sapmachine-jre-21.0.8-ea.9_linux-x64_bin.tar.gz,linux,x64,jre,47
2025-07-29T00:18:00,sapmachine-21.0.8+9,232663420,True,sapmachine-jre-21.0.8-ea.9_macos-aarch64_bin.dmg,macos,aarch64,jre,48
2025-07-29T00:18:00,sapmachine-21.0.8+9,232663420,True,sapmachine-jre-21.0.8-ea.9_macos-aarch64_bin.tar.gz,macos,aarch64,jre,48
2025-07-29T00:18:00,sapmachine-21.0.8+9,232663420,True,sapmachine-jre-21.0.8-ea.9_macos-x64_bin.dmg,macos,x64,jre,44
2025-07-29T00:18:00,sapmachine-21.0.8+9,232663420,True,sapmachine-jre-21.0.8-ea.9_macos-x64_bin.tar.gz,macos,x64,jre,44
2025-07-29T00:18:00,sapmachine-21.0.8+9,232663420,True,sapmachine-jre-21.0.8-ea.9_windows-x64_bin.zip,windows,x64,jre,45
2025-07-29T00:18:00,sapmachine-17.0.16+8,232661489,True,sapmachine-jdk-17.0.16-ea.8_linux-aarch64_bin-symbols.tar.gz,linux,aarch64,jdk,0
2025-07-29T00:18:00,sapmachine-17.0.16+8,232661489,True,sapmachine-jdk-17.0.16-ea.8_linux-aarch64_bin.tar.gz,linux,aarch64,jdk,47
2025-07-29T00:18:00,sapmachine-17.0.16+8,232661489,True,sapmachine-jdk-17.0.16-ea.8_linux-ppc64le_bin-symbols.tar.gz,linux,ppc64,jdk,0
2025-07-29T00:18:00,sapmachine-17.0.16+8,232661489,True,sapmachine-jdk-17.0.16-ea.8_linux-ppc64le_bin.tar.gz,linux,ppc64,jdk,50
2025-07-29T00:18:00,sapmachine-17.0.16+8,232661489,True,sapmachine-jdk-17.0.16-ea.8_linux-x64-musl_bin-symbols.tar.gz,alpine,x64,jdk,0
2025-07-29T00:18:00,sapmachine-17.0.16+8,232661489,True,sapmachine-jdk-17.0.16-ea.8_linux-x64-musl_bin.tar.gz,alpine,x64,jdk,47
2025-07-29T00:18:00,sapmachine-17.0.16+8,232661489,True,sapmachine-jdk-17.0.16-ea.8_linux-x64_bin-symbols.tar.gz,linux,x64,jdk,0
2025-07-29T00:18:00,sapmachine-17.0.16+8,232661489,True,sapmachine-jdk-17.0.16-ea.8_linux-x64_bin.tar.gz,linux,x64,jdk,328
2025-07-29T00:18:00,sapmachine-17.0.16+8,232661489,True,sapmachine-jdk-17.0.16-ea.8_macos-aarch64_bin-symbols.tar.gz,macos,aarch64,jdk,0
2025-07-29T00:18:00,sapmachine-17.0.16+8,232661489,True,sapmachine-jdk-17.0.16-ea.8_macos-aarch64_bin.dmg,macos,aarch64,jdk,53
2025-07-29T00:18:00,sapmachine-17.0.16+8,232661489,True,sapmachine-jdk-17.0.16-ea.8_macos-aarch64_bin.tar.gz,macos,aarch64,jdk,430
2025-07-29T00:18:00,sapmachine-17.0.16+8,232661489,True,sapmachine-jdk-17.0.16-ea.8_macos-x64_bin-symbols.tar.gz,macos,x64,jdk,0
2025-07-29T00:18:00,sapmachine-17.0.16+8,232661489,True,sapmachine-jdk-17.0.16-ea.8_macos-x64_bin.dmg,macos,x64,jdk,47
2025-07-29T00:18:00,sapmachine-17.0.16+8,232661489,True,sapmachine-jdk-17.0.16-ea.8_macos-x64_bin.tar.gz,macos,x64,jdk,48
2025-07-29T00:18:00,sapmachine-17.0.16+8,232661489,True,sapmachine-jdk-17.0.16-ea.8_windows-x64_bin-symbols.tar.gz,windows,x64,jdk,0
2025-07-29T00:18:00,sapmachine-17.0.16+8,232661489,True,sapmachine-jdk-17.0.16-ea.8_windows-x64_bin.zip,windows,x64,jdk,306
2025-07-29T00:18:00,sapmachine-17.0.16+8,232661489,True,sapmachine-jre-17.0.16-ea.8_linux-aarch64_bin.tar.gz,linux,aarch64,jre,48
2025-07-29T00:18:00,sapmachine-17.0.16+8,232661489,True,sapmachine-jre-17.0.16-ea.8_linux-ppc64le_bin.tar.gz,linux,ppc64,jre,48
2025-07-29T00:18:00,sapmachine-17.0.16+8,232661489,True,sapmachine-jre-17.0.16-ea.8_linux-x64-musl_bin.tar.gz,alpine,x64,jre,48
2025-07-29T00:18:00,sapmachine-17.0.16+8,232661489,True,sapmachine-jre-17.0.16-ea.8_linux-x64_bin.tar.gz,linux,x64,jre,50
2025-07-29T00:18:00,sapmachine-17.0.16+8,232661489,True,sapmachine-jre-17.0.16-ea.8_macos-aarch64_bin.dmg,macos,aarch64,jre,50
2025-07-29T00:18:00,sapmachine-17.0.16+8,232661489,True,sapmachine-jre-17.0.16-ea.8_macos-aarch64_bin.tar.gz,macos,aarch64,jre,50
2025-07-29T00:18:00,sapmachine-17.0.16+8,232661489,True,sapmachine-jre-17.0.16-ea.8_macos-x64_bin.dmg,macos,x64,jre,48
2025-07-29T00:18:00,sapmachine-17.0.16+8,232661489,True,sapmachine-jre-17.0.16-ea.8_macos-x64_bin.tar.gz,macos,x64,jre,48
2025-07-29T00:18:00,sapmachine-17.0.16+8,232661489,True,sapmachine-jre-17.0.16-ea.8_windows-x64_bin.zip,windows,x64,jre,46
2025-07-29T00:18:00,sapmachine-11.0.28+6,232662821,True,sapmachine-jdk-11.0.28-ea.6_linux-x64_bin-symbols.tar.gz,linux,x64,jdk,0
2025-07-29T00:18:00,sapmachine-11.0.28+6,232662821,True,sapmachine-jdk-11.0.28-ea.6_linux-x64_bin.tar.gz,linux,x64,jdk,60
2025-07-29T00:18:00,sapmachine-11.0.28+6,232662821,True,sapmachine-jre-11.0.28-ea.6_linux-x64_bin.tar.gz,linux,x64,jre,50
2025-07-29T00:18:00,sapmachine-24.0.2+1,231365855,True,sapmachine-jdk-24.0.2-ea.1_aix-ppc64_bin-symbols.tar.gz,aix,ppc64,jdk,0
2025-07-29T00:18:00,sapmachine-24.0.2+1,231365855,True,sapmachine-jdk-24.0.2-ea.1_aix-ppc64_bin.tar.gz,aix,ppc64,jdk,62
2025-07-29T00:18:00,sapmachine-24.0.2+1,231365855,True,sapmachine-jdk-24.0.2-ea.1_linux-aarch64_bin-symbols.tar.gz,linux,aarch64,jdk,0
2025-07-29T00:18:00,sapmachine-24.0.2+1,231365855,True,sapmachine-jdk-24.0.2-ea.1_linux-aarch64_bin.tar.gz,linux,aarch64,jdk,65
2025-07-29T00:18:00,sapmachine-24.0.2+1,231365855,True,sapmachine-jdk-24.0.2-ea.1_linux-ppc64le_bin-symbols.tar.gz,linux,ppc64,jdk,0
2025-07-29T00:18:00,sapmachine-24.0.2+1,231365855,True,sapmachine-jdk-24.0.2-ea.1_linux-ppc64le_bin.tar.gz,linux,ppc64,jdk,62
2025-07-29T00:18:00,sapmachine-24.0.2+1,231365855,True,sapmachine-jdk-24.0.2-ea.1_linux-x64-musl_bin-symbols.tar.gz,alpine,x64,jdk,0
2025-07-29T00:18:00,sapmachine-24.0.2+1,231365855,True,sapmachine-jdk-24.0.2-ea.1_linux-x64-musl_bin.tar.gz,alpine,x64,jdk,62
2025-07-29T00:18:00,sapmachine-24.0.2+1,231365855,True,sapmachine-jdk-24.0.2-ea.1_linux-x64_bin-symbols.tar.gz,linux,x64,jdk,0
2025-07-29T00:18:00,sapmachine-24.0.2+1,231365855,True,sapmachine-jdk-24.0.2-ea.1_linux-x64_bin.tar.gz,linux,x64,jdk,62
2025-07-29T00:18:00,sapmachine-24.0.2+1,231365855,True,sapmachine-jdk-24.0.2-ea.1_macos-aarch64_bin-symbols.tar.gz,macos,aarch64,jdk,0
2025-07-29T00:18:00,sapmachine-24.0.2+1,231365855,True,sapmachine-jdk-24.0.2-ea.1_macos-aarch64_bin.dmg,macos,aarch64,jdk,64
2025-07-29T00:18:00,sapmachine-24.0.2+1,231365855,True,sapmachine-jdk-24.0.2-ea.1_macos-aarch64_bin.tar.gz,macos,aarch64,jdk,62
2025-07-29T00:18:00,sapmachine-24.0.2+1,231365855,True,sapmachine-jdk-24.0.2-ea.1_macos-x64_bin-symbols.tar.gz,macos,x64,jdk,0
2025-07-29T00:18:00,sapmachine-24.0.2+1,231365855,True,sapmachine-jdk-24.0.2-ea.1_macos-x64_bin.dmg,macos,x64,jdk,62
2025-07-29T00:18:00,sapmachine-24.0.2+1,231365855,True,sapmachine-jdk-24.0.2-ea.1_macos-x64_bin.tar.gz,macos,x64,jdk,65
2025-07-29T00:18:00,sapmachine-24.0.2+1,231365855,True,sapmachine-jdk-24.0.2-ea.1_windows-x64_bin-symbols.tar.gz,windows,x64,jdk,0
2025-07-29T00:18:00,sapmachine-24.0.2+1,231365855,True,sapmachine-jdk-24.0.2-ea.1_windows-x64_bin.zip,windows,x64,jdk,64
2025-07-29T00:18:00,sapmachine-24.0.2+1,231365855,True,sapmachine-jre-24.0.2-ea.1_aix-ppc64_bin.tar.gz,aix,ppc64,jre,63
2025-07-29T00:18:00,sapmachine-24.0.2+1,231365855,True,sapmachine-jre-24.0.2-ea.1_linux-aarch64_bin.tar.gz,linux,aarch64,jre,63
2025-07-29T00:18:00,sapmachine-24.0.2+1,231365855,True,sapmachine-jre-24.0.2-ea.1_linux-ppc64le_bin.tar.gz,linux,ppc64,jre,63
2025-07-29T00:18:00,sapmachine-24.0.2+1,231365855,True,sapmachine-jre-24.0.2-ea.1_linux-x64-musl_bin.tar.gz,alpine,x64,jre,63
2025-07-29T00:18:00,sapmachine-24.0.2+1,231365855,True,sapmachine-jre-24.0.2-ea.1_linux-x64_bin.tar.gz,linux,x64,jre,63
2025-07-29T00:18:00,sapmachine-24.0.2+1,231365855,True,sapmachine-jre-24.0.2-ea.1_macos-aarch64_bin.dmg,macos,aarch64,jre,64
2025-07-29T00:18:00,sapmachine-24.0.2+1,231365855,True,sapmachine-jre-24.0.2-ea.1_macos-aarch64_bin.tar.gz,macos,aarch64,jre,65
2025-07-29T00:18:00,sapmachine-24.0.2+1,231365855,True,sapmachine-jre-24.0.2-ea.1_macos-x64_bin.dmg,macos,x64,jre,63
2025-07-29T00:18:00,sapmachine-24.0.2+1,231365855,True,sapmachine-jre-24.0.2-ea.1_macos-x64_bin.tar.gz,macos,x64,jre,63
2025-07-29T00:18:00,sapmachine-24.0.2+1,231365855,True,sapmachine-jre-24.0.2-ea.1_windows-x64_bin.zip,windows,x64,jre,66
2025-07-29T00:18:00,sapmachine-26+5,230998637,True,sapmachine-jdk-26-ea.5_aix-ppc64_bin-symbols.tar.gz,aix,ppc64,jdk,0
2025-07-29T00:18:00,sapmachine-26+5,230998637,True,sapmachine-jdk-26-ea.5_aix-ppc64_bin.tar.gz,aix,ppc64,jdk,68
2025-07-29T00:18:00,sapmachine-26+5,230998637,True,sapmachine-jdk-26-ea.5_linux-aarch64_bin-symbols.tar.gz,linux,aarch64,jdk,0
2025-07-29T00:18:00,sapmachine-26+5,230998637,True,sapmachine-jdk-26-ea.5_linux-aarch64_bin.tar.gz,linux,aarch64,jdk,66
2025-07-29T00:18:00,sapmachine-26+5,230998637,True,sapmachine-jdk-26-ea.5_linux-ppc64le_bin-symbols.tar.gz,linux,ppc64,jdk,0
2025-07-29T00:18:00,sapmachine-26+5,230998637,True,sapmachine-jdk-26-ea.5_linux-ppc64le_bin.tar.gz,linux,ppc64,jdk,67
2025-07-29T00:18:00,sapmachine-26+5,230998637,True,sapmachine-jdk-26-ea.5_linux-x64-musl_bin-symbols.tar.gz,alpine,x64,jdk,0
2025-07-29T00:18:00,sapmachine-26+5,230998637,True,sapmachine-jdk-26-ea.5_linux-x64-musl_bin.tar.gz,alpine,x64,jdk,69
2025-07-29T00:18:00,sapmachine-26+5,230998637,True,sapmachine-jdk-26-ea.5_linux-x64_bin-symbols.tar.gz,linux,x64,jdk,0
2025-07-29T00:18:00,sapmachine-26+5,230998637,True,sapmachine-jdk-26-ea.5_linux-x64_bin.tar.gz,linux,x64,jdk,69
2025-07-29T00:18:00,sapmachine-26+5,230998637,True,sapmachine-jdk-26-ea.5_macos-aarch64_bin-symbols.tar.gz,macos,aarch64,jdk,0
2025-07-29T00:18:00,sapmachine-26+5,230998637,True,sapmachine-jdk-26-ea.5_macos-aarch64_bin.dmg,macos,aarch64,jdk,70
2025-07-29T00:18:00,sapmachine-26+5,230998637,True,sapmachine-jdk-26-ea.5_macos-aarch64_bin.tar.gz,macos,aarch64,jdk,70
2025-07-29T00:18:00,sapmachine-26+5,230998637,True,sapmachine-jdk-26-ea.5_macos-x64_bin-symbols.tar.gz,macos,x64,jdk,0
2025-07-29T00:18:00,sapmachine-26+5,230998637,True,sapmachine-jdk-26-ea.5_macos-x64_bin.dmg,macos,x64,jdk,66
2025-07-29T00:18:00,sapmachine-26+5,230998637,True,sapmachine-jdk-26-ea.5_macos-x64_bin.tar.gz,macos,x64,jdk,66
2025-07-29T00:18:00,sapmachine-26+5,230998637,True,sapmachine-jdk-26-ea.5_windows-x64_bin-symbols.tar.gz,windows,x64,jdk,0
2025-07-29T00:18:00,sapmachine-26+5,230998637,True,sapmachine-jdk-26-ea.5_windows-x64_bin.zip,windows,x64,jdk,68
2025-07-29T00:18:00,sapmachine-26+5,230998637,True,sapmachine-jre-26-ea.5_aix-ppc64_bin.tar.gz,aix,ppc64,jre,67
2025-07-29T00:18:00,sapmachine-26+5,230998637,True,sapmachine-jre-26-ea.5_linux-aarch64_bin.tar.gz,linux,aarch64,jre,65
2025-07-29T00:18:00,sapmachine-26+5,230998637,True,sapmachine-jre-26-ea.5_linux-ppc64le_bin.tar.gz,linux,ppc64,jre,66
2025-07-29T00:18:00,sapmachine-26+5,230998637,True,sapmachine-jre-26-ea.5_linux-x64-musl_bin.tar.gz,alpine,x64,jre,68
2025-07-29T00:18:00,sapmachine-26+5,230998637,True,sapmachine-jre-26-ea.5_linux-x64_bin.tar.gz,linux,x64,jre,68
2025-07-29T00:18:00,sapmachine-26+5,230998637,True,sapmachine-jre-26-ea.5_macos-aarch64_bin.dmg,macos,aarch64,jre,72
2025-07-29T00:18:00,sapmachine-26+5,230998637,True,sapmachine-jre-26-ea.5_macos-aarch64_bin.tar.gz,macos,aarch64,jre,67
2025-07-29T00:18:00,sapmachine-26+5,230998637,True,sapmachine-jre-26-ea.5_macos-x64_bin.dmg,macos,x64,jre,65
2025-07-29T00:18:00,sapmachine-26+5,230998637,True,sapmachine-jre-26-ea.5_macos-x64_bin.tar.gz,macos,x64,jre,65
2025-07-29T00:18:00,sapmachine-26+5,230998637,True,sapmachine-jre-26-ea.5_windows-x64_bin.zip,windows,x64,jre,70
2025-07-29T00:18:00,sapmachine-25+30,230634377,True,sapmachine-jdk-25-ea.30_aix-ppc64_bin-symbols.tar.gz,aix,ppc64,jdk,0
2025-07-29T00:18:00,sapmachine-25+30,230634377,True,sapmachine-jdk-25-ea.30_aix-ppc64_bin.tar.gz,aix,ppc64,jdk,71
2025-07-29T00:18:00,sapmachine-25+30,230634377,True,sapmachine-jdk-25-ea.30_linux-aarch64_bin-symbols.tar.gz,linux,aarch64,jdk,0
2025-07-29T00:18:00,sapmachine-25+30,230634377,True,sapmachine-jdk-25-ea.30_linux-aarch64_bin.tar.gz,linux,aarch64,jdk,69
2025-07-29T00:18:00,sapmachine-25+30,230634377,True,sapmachine-jdk-25-ea.30_linux-ppc64le_bin-symbols.tar.gz,linux,ppc64,jdk,0
2025-07-29T00:18:00,sapmachine-25+30,230634377,True,sapmachine-jdk-25-ea.30_linux-ppc64le_bin.tar.gz,linux,ppc64,jdk,69
2025-07-29T00:18:00,sapmachine-25+30,230634377,True,sapmachine-jdk-25-ea.30_linux-x64-musl_bin-symbols.tar.gz,alpine,x64,jdk,0
2025-07-29T00:18:00,sapmachine-25+30,230634377,True,sapmachine-jdk-25-ea.30_linux-x64-musl_bin.tar.gz,alpine,x64,jdk,72
2025-07-29T00:18:00,sapmachine-25+30,230634377,True,sapmachine-jdk-25-ea.30_linux-x64_bin-symbols.tar.gz,linux,x64,jdk,0
2025-07-29T00:18:00,sapmachine-25+30,230634377,True,sapmachine-jdk-25-ea.30_linux-x64_bin.tar.gz,linux,x64,jdk,72
2025-07-29T00:18:00,sapmachine-25+30,230634377,True,sapmachine-jdk-25-ea.30_macos-aarch64_bin-symbols.tar.gz,macos,aarch64,jdk,0
2025-07-29T00:18:00,sapmachine-25+30,230634377,True,sapmachine-jdk-25-ea.30_macos-aarch64_bin.dmg,macos,aarch64,jdk,74
2025-07-29T00:18:00,sapmachine-25+30,230634377,True,sapmachine-jdk-25-ea.30_macos-aarch64_bin.tar.gz,macos,aarch64,jdk,75
2025-07-29T00:18:00,sapmachine-25+30,230634377,True,sapmachine-jdk-25-ea.30_macos-x64_bin-symbols.tar.gz,macos,x64,jdk,0
2025-07-29T00:18:00,sapmachine-25+30,230634377,True,sapmachine-jdk-25-ea.30_macos-x64_bin.dmg,macos,x64,jdk,72
2025-07-29T00:18:00,sapmachine-25+30,230634377,True,sapmachine-jdk-25-ea.30_macos-x64_bin.tar.gz,macos,x64,jdk,72
2025-07-29T00:18:00,sapmachine-25+30,230634377,True,sapmachine-jdk-25-ea.30_windows-x64_bin-symbols.tar.gz,windows,x64,jdk,0
2025-07-29T00:18:00,sapmachine-25+30,230634377,True,sapmachine-jdk-25-ea.30_windows-x64_bin.zip,windows,x64,jdk,71
2025-07-29T00:18:00,sapmachine-25+30,230634377,True,sapmachine-jre-25-ea.30_aix-ppc64_bin.tar.gz,aix,ppc64,jre,71
2025-07-29T00:18:00,sapmachine-25+30,230634377,True,sapmachine-jre-25-ea.30_linux-aarch64_bin.tar.gz,linux,aarch64,jre,69
2025-07-29T00:18:00,sapmachine-25+30,230634377,True,sapmachine-jre-25-ea.30_linux-ppc64le_bin.tar.gz,linux,ppc64,jre,69
2025-07-29T00:18:00,sapmachine-25+30,230634377,True,sapmachine-jre-25-ea.30_linux-x64-musl_bin.tar.gz,alpine,x64,jre,72
2025-07-29T00:18:00,sapmachine-25+30,230634377,True,sapmachine-jre-25-ea.30_linux-x64_bin.tar.gz,linux,x64,jre,71
2025-07-29T00:18:00,sapmachine-25+30,230634377,True,sapmachine-jre-25-ea.30_macos-aarch64_bin.dmg,macos,aarch64,jre,72
2025-07-29T00:18:00,sapmachine-25+30,230634377,True,sapmachine-jre-25-ea.30_macos-aarch64_bin.tar.gz,macos,aarch64,jre,72
2025-07-29T00:18:00,sapmachine-25+30,230634377,True,sapmachine-jre-25-ea.30_macos-x64_bin.dmg,macos,x64,jre,69
2025-07-29T00:18:00,sapmachine-25+30,230634377,True,sapmachine-jre-25-ea.30_macos-x64_bin.tar.gz,macos,x64,jre,69
2025-07-29T00:18:00,sapmachine-25+30,230634377,True,sapmachine-jre-25-ea.30_windows-x64_bin.zip,windows,x64,jre,71
2025-07-29T00:18:00,sapmachine-26+4,230151545,True,sapmachine-jdk-26-ea.4_aix-ppc64_bin-symbols.tar.gz,aix,ppc64,jdk,0
2025-07-29T00:18:00,sapmachine-26+4,230151545,True,sapmachine-jdk-26-ea.4_aix-ppc64_bin.tar.gz,aix,ppc64,jdk,81
2025-07-29T00:18:00,sapmachine-26+4,230151545,True,sapmachine-jdk-26-ea.4_linux-aarch64_bin-symbols.tar.gz,linux,aarch64,jdk,0
2025-07-29T00:18:00,sapmachine-26+4,230151545,True,sapmachine-jdk-26-ea.4_linux-aarch64_bin.tar.gz,linux,aarch64,jdk,79
2025-07-29T00:18:00,sapmachine-26+4,230151545,True,sapmachine-jdk-26-ea.4_linux-ppc64le_bin-symbols.tar.gz,linux,ppc64,jdk,0
2025-07-29T00:18:00,sapmachine-26+4,230151545,True,sapmachine-jdk-26-ea.4_linux-ppc64le_bin.tar.gz,linux,ppc64,jdk,78
2025-07-29T00:18:00,sapmachine-26+4,230151545,True,sapmachine-jdk-26-ea.4_linux-x64-musl_bin-symbols.tar.gz,alpine,x64,jdk,0
2025-07-29T00:18:00,sapmachine-26+4,230151545,True,sapmachine-jdk-26-ea.4_linux-x64-musl_bin.tar.gz,alpine,x64,jdk,79
2025-07-29T00:18:00,sapmachine-26+4,230151545,True,sapmachine-jdk-26-ea.4_linux-x64_bin-symbols.tar.gz,linux,x64,jdk,0
2025-07-29T00:18:00,sapmachine-26+4,230151545,True,sapmachine-jdk-26-ea.4_linux-x64_bin.tar.gz,linux,x64,jdk,79
2025-07-29T00:18:00,sapmachine-26+4,230151545,True,sapmachine-jdk-26-ea.4_macos-aarch64_bin-symbols.tar.gz,macos,aarch64,jdk,0
2025-07-29T00:18:00,sapmachine-26+4,230151545,True,sapmachine-jdk-26-ea.4_macos-aarch64_bin.dmg,macos,aarch64,jdk,80
2025-07-29T00:18:00,sapmachine-26+4,230151545,True,sapmachine-jdk-26-ea.4_macos-aarch64_bin.tar.gz,macos,aarch64,jdk,79
2025-07-29T00:18:00,sapmachine-26+4,230151545,True,sapmachine-jdk-26-ea.4_macos-x64_bin-symbols.tar.gz,macos,x64,jdk,0
2025-07-29T00:18:00,sapmachine-26+4,230151545,True,sapmachine-jdk-26-ea.4_macos-x64_bin.dmg,macos,x64,jdk,78
2025-07-29T00:18:00,sapmachine-26+4,230151545,True,sapmachine-jdk-26-ea.4_macos-x64_bin.tar.gz,macos,x64,jdk,79
2025-07-29T00:18:00,sapmachine-26+4,230151545,True,sapmachine-jdk-26-ea.4_windows-x64_bin-symbols.tar.gz,windows,x64,jdk,0
2025-07-29T00:18:00,sapmachine-26+4,230151545,True,sapmachine-jdk-26-ea.4_windows-x64_bin.zip,windows,x64,jdk,92
2025-07-29T00:18:00,sapmachine-26+4,230151545,True,sapmachine-jre-26-ea.4_aix-ppc64_bin.tar.gz,aix,ppc64,jre,77
2025-07-29T00:18:00,sapmachine-26+4,230151545,True,sapmachine-jre-26-ea.4_linux-aarch64_bin.tar.gz,linux,aarch64,jre,78
2025-07-29T00:18:00,sapmachine-26+4,230151545,True,sapmachine-jre-26-ea.4_linux-ppc64le_bin.tar.gz,linux,ppc64,jre,80
2025-07-29T00:18:00,sapmachine-26+4,230151545,True,sapmachine-jre-26-ea.4_linux-x64-musl_bin.tar.gz,alpine,x64,jre,81
2025-07-29T00:18:00,sapmachine-26+4,230151545,True,sapmachine-jre-26-ea.4_linux-x64_bin.tar.gz,linux,x64,jre,78
2025-07-29T00:18:00,sapmachine-26+4,230151545,True,sapmachine-jre-26-ea.4_macos-aarch64_bin.dmg,macos,aarch64,jre,78
2025-07-29T00:18:00,sapmachine-26+4,230151545,True,sapmachine-jre-26-ea.4_macos-aarch64_bin.tar.gz,macos,aarch64,jre,81
2025-07-29T00:18:00,sapmachine-26+4,230151545,True,sapmachine-jre-26-ea.4_macos-x64_bin.dmg,macos,x64,jre,77
2025-07-29T00:18:00,sapmachine-26+4,230151545,True,sapmachine-jre-26-ea.4_macos-x64_bin.tar.gz,macos,x64,jre,78
2025-07-29T00:18:00,sapmachine-26+4,230151545,True,sapmachine-jre-26-ea.4_windows-x64_bin.zip,windows,x64,jre,78
2025-07-29T00:18:00,sapmachine-25+29,230151576,True,sapmachine-jdk-25-ea.29_aix-ppc64_bin-symbols.tar.gz,aix,ppc64,jdk,0
2025-07-29T00:18:00,sapmachine-25+29,230151576,True,sapmachine-jdk-25-ea.29_aix-ppc64_bin.tar.gz,aix,ppc64,jdk,80
2025-07-29T00:18:00,sapmachine-25+29,230151576,True,sapmachine-jdk-25-ea.29_linux-aarch64_bin-symbols.tar.gz,linux,aarch64,jdk,0
2025-07-29T00:18:00,sapmachine-25+29,230151576,True,sapmachine-jdk-25-ea.29_linux-aarch64_bin.tar.gz,linux,aarch64,jdk,68
2025-07-29T00:18:00,sapmachine-25+29,230151576,True,sapmachine-jdk-25-ea.29_linux-ppc64le_bin-symbols.tar.gz,linux,ppc64,jdk,0
2025-07-29T00:18:00,sapmachine-25+29,230151576,True,sapmachine-jdk-25-ea.29_linux-ppc64le_bin.tar.gz,linux,ppc64,jdk,77
2025-07-29T00:18:00,sapmachine-25+29,230151576,True,sapmachine-jdk-25-ea.29_linux-x64-musl_bin-symbols.tar.gz,alpine,x64,jdk,0
2025-07-29T00:18:00,sapmachine-25+29,230151576,True,sapmachine-jdk-25-ea.29_linux-x64-musl_bin.tar.gz,alpine,x64,jdk,78
2025-07-29T00:18:00,sapmachine-25+29,230151576,True,sapmachine-jdk-25-ea.29_linux-x64_bin-symbols.tar.gz,linux,x64,jdk,0
2025-07-29T00:18:00,sapmachine-25+29,230151576,True,sapmachine-jdk-25-ea.29_linux-x64_bin.tar.gz,linux,x64,jdk,79
2025-07-29T00:18:00,sapmachine-25+29,230151576,True,sapmachine-jdk-25-ea.29_macos-aarch64_bin-symbols.tar.gz,macos,aarch64,jdk,0
2025-07-29T00:18:00,sapmachine-25+29,230151576,True,sapmachine-jdk-25-ea.29_macos-aarch64_bin.dmg,macos,aarch64,jdk,84
2025-07-29T00:18:00,sapmachine-25+29,230151576,True,sapmachine-jdk-25-ea.29_macos-aarch64_bin.tar.gz,macos,aarch64,jdk,86
2025-07-29T00:18:00,sapmachine-25+29,230151576,True,sapmachine-jdk-25-ea.29_macos-x64_bin-symbols.tar.gz,macos,x64,jdk,0
2025-07-29T00:18:00,sapmachine-25+29,230151576,True,sapmachine-jdk-25-ea.29_macos-x64_bin.dmg,macos,x64,jdk,74
2025-07-29T00:18:00,sapmachine-25+29,230151576,True,sapmachine-jdk-25-ea.29_macos-x64_bin.tar.gz,macos,x64,jdk,75
2025-07-29T00:18:00,sapmachine-25+29,230151576,True,sapmachine-jdk-25-ea.29_windows-x64_bin-symbols.tar.gz,windows,x64,jdk,0
2025-07-29T00:18:00,sapmachine-25+29,230151576,True,sapmachine-jdk-25-ea.29_windows-x64_bin.zip,windows,x64,jdk,77
2025-07-29T00:18:00,sapmachine-25+29,230151576,True,sapmachine-jre-25-ea.29_aix-ppc64_bin.tar.gz,aix,ppc64,jre,78
2025-07-29T00:18:00,sapmachine-25+29,230151576,True,sapmachine-jre-25-ea.29_linux-aarch64_bin.tar.gz,linux,aarch64,jre,69
2025-07-29T00:18:00,sapmachine-25+29,230151576,True,sapmachine-jre-25-ea.29_linux-ppc64le_bin.tar.gz,linux,ppc64,jre,78
2025-07-29T00:18:00,sapmachine-25+29,230151576,True,sapmachine-jre-25-ea.29_linux-x64-musl_bin.tar.gz,alpine,x64,jre,85
2025-07-29T00:18:00,sapmachine-25+29,230151576,True,sapmachine-jre-25-ea.29_linux-x64_bin.tar.gz,linux,x64,jre,79
2025-07-29T00:18:00,sapmachine-25+29,230151576,True,sapmachine-jre-25-ea.29_macos-aarch64_bin.dmg,macos,aarch64,jre,85
2025-07-29T00:18:00,sapmachine-25+29,230151576,True,sapmachine-jre-25-ea.29_macos-aarch64_bin.tar.gz,macos,aarch64,jre,80
2025-07-29T00:18:00,sapmachine-25+29,230151576,True,sapmachine-jre-25-ea.29_macos-x64_bin.dmg,macos,x64,jre,75
2025-07-29T00:18:00,sapmachine-25+29,230151576,True,sapmachine-jre-25-ea.29_macos-x64_bin.tar.gz,macos,x64,jre,76
2025-07-29T00:18:00,sapmachine-25+29,230151576,True,sapmachine-jre-25-ea.29_windows-x64_bin.zip,windows,x64,jre,78
2025-07-29T00:18:00,sapmachine-21.0.8+8,230152276,True,sapmachine-jdk-21.0.8-ea.8_aix-ppc64_bin-symbols.tar.gz,aix,ppc64,jdk,0
2025-07-29T00:18:00,sapmachine-21.0.8+8,230152276,True,sapmachine-jdk-21.0.8-ea.8_aix-ppc64_bin.tar.gz,aix,ppc64,jdk,77
2025-07-29T00:18:00,sapmachine-21.0.8+8,230152276,True,sapmachine-jdk-21.0.8-ea.8_linux-aarch64_bin-symbols.tar.gz,linux,aarch64,jdk,0
2025-07-29T00:18:00,sapmachine-21.0.8+8,230152276,True,sapmachine-jdk-21.0.8-ea.8_linux-aarch64_bin.tar.gz,linux,aarch64,jdk,78
2025-07-29T00:18:00,sapmachine-21.0.8+8,230152276,True,sapmachine-jdk-21.0.8-ea.8_linux-ppc64le_bin-symbols.tar.gz,linux,ppc64,jdk,0
2025-07-29T00:18:00,sapmachine-21.0.8+8,230152276,True,sapmachine-jdk-21.0.8-ea.8_linux-ppc64le_bin.tar.gz,linux,ppc64,jdk,77
2025-07-29T00:18:00,sapmachine-21.0.8+8,230152276,True,sapmachine-jdk-21.0.8-ea.8_linux-x64-musl_bin-symbols.tar.gz,alpine,x64,jdk,0
2025-07-29T00:18:00,sapmachine-21.0.8+8,230152276,True,sapmachine-jdk-21.0.8-ea.8_linux-x64-musl_bin.tar.gz,alpine,x64,jdk,78
2025-07-29T00:18:00,sapmachine-21.0.8+8,230152276,True,sapmachine-jdk-21.0.8-ea.8_linux-x64_bin-symbols.tar.gz,linux,x64,jdk,0
2025-07-29T00:18:00,sapmachine-21.0.8+8,230152276,True,sapmachine-jdk-21.0.8-ea.8_linux-x64_bin.tar.gz,linux,x64,jdk,302
2025-07-29T00:18:00,sapmachine-21.0.8+8,230152276,True,sapmachine-jdk-21.0.8-ea.8_macos-aarch64_bin-symbols.tar.gz,macos,aarch64,jdk,0
2025-07-29T00:18:00,sapmachine-21.0.8+8,230152276,True,sapmachine-jdk-21.0.8-ea.8_macos-aarch64_bin.dmg,macos,aarch64,jdk,80
2025-07-29T00:18:00,sapmachine-21.0.8+8,230152276,True,sapmachine-jdk-21.0.8-ea.8_macos-aarch64_bin.tar.gz,macos,aarch64,jdk,317
2025-07-29T00:18:00,sapmachine-21.0.8+8,230152276,True,sapmachine-jdk-21.0.8-ea.8_macos-x64_bin-symbols.tar.gz,macos,x64,jdk,0
2025-07-29T00:18:00,sapmachine-21.0.8+8,230152276,True,sapmachine-jdk-21.0.8-ea.8_macos-x64_bin.dmg,macos,x64,jdk,78
2025-07-29T00:18:00,sapmachine-21.0.8+8,230152276,True,sapmachine-jdk-21.0.8-ea.8_macos-x64_bin.tar.gz,macos,x64,jdk,78
2025-07-29T00:18:00,sapmachine-21.0.8+8,230152276,True,sapmachine-jdk-21.0.8-ea.8_windows-x64_bin-symbols.tar.gz,windows,x64,jdk,0
2025-07-29T00:18:00,sapmachine-21.0.8+8,230152276,True,sapmachine-jdk-21.0.8-ea.8_windows-x64_bin.zip,windows,x64,jdk,273
2025-07-29T00:18:00,sapmachine-21.0.8+8,230152276,True,sapmachine-jre-21.0.8-ea.8_aix-ppc64_bin.tar.gz,aix,ppc64,jre,77
2025-07-29T00:18:00,sapmachine-21.0.8+8,230152276,True,sapmachine-jre-21.0.8-ea.8_linux-aarch64_bin.tar.gz,linux,aarch64,jre,81
2025-07-29T00:18:00,sapmachine-21.0.8+8,230152276,True,sapmachine-jre-21.0.8-ea.8_linux-ppc64le_bin.tar.gz,linux,ppc64,jre,77
2025-07-29T00:18:00,sapmachine-21.0.8+8,230152276,True,sapmachine-jre-21.0.8-ea.8_linux-x64-musl_bin.tar.gz,alpine,x64,jre,78
2025-07-29T00:18:00,sapmachine-21.0.8+8,230152276,True,sapmachine-jre-21.0.8-ea.8_linux-x64_bin.tar.gz,linux,x64,jre,78
2025-07-29T00:18:00,sapmachine-21.0.8+8,230152276,True,sapmachine-jre-21.0.8-ea.8_macos-aarch64_bin.dmg,macos,aarch64,jre,78
2025-07-29T00:18:00,sapmachine-21.0.8+8,230152276,True,sapmachine-jre-21.0.8-ea.8_macos-aarch64_bin.tar.gz,macos,aarch64,jre,80
2025-07-29T00:18:00,sapmachine-21.0.8+8,230152276,True,sapmachine-jre-21.0.8-ea.8_macos-x64_bin.dmg,macos,x64,jre,77
2025-07-29T00:18:00,sapmachine-21.0.8+8,230152276,True,sapmachine-jre-21.0.8-ea.8_macos-x64_bin.tar.gz,macos,x64,jre,78
2025-07-29T00:18:00,sapmachine-21.0.8+8,230152276,True,sapmachine-jre-21.0.8-ea.8_windows-x64_bin.zip,windows,x64,jre,77
2025-07-29T00:18:00,sapmachine-21.0.8+7,227407324,True,sapmachine-jdk-21.0.8-ea.7_aix-ppc64_bin-symbols.tar.gz,aix,ppc64,jdk,0
2025-07-29T00:18:00,sapmachine-21.0.8+7,227407324,True,sapmachine-jdk-21.0.8-ea.7_aix-ppc64_bin.tar.gz,aix,ppc64,jdk,94
2025-07-29T00:18:00,sapmachine-21.0.8+7,227407324,True,sapmachine-jdk-21.0.8-ea.7_linux-aarch64_bin-symbols.tar.gz,linux,aarch64,jdk,0
2025-07-29T00:18:00,sapmachine-21.0.8+7,227407324,True,sapmachine-jdk-21.0.8-ea.7_linux-aarch64_bin.tar.gz,linux,aarch64,jdk,95
2025-07-29T00:18:00,sapmachine-21.0.8+7,227407324,True,sapmachine-jdk-21.0.8-ea.7_linux-ppc64le_bin-symbols.tar.gz,linux,ppc64,jdk,0
2025-07-29T00:18:00,sapmachine-21.0.8+7,227407324,True,sapmachine-jdk-21.0.8-ea.7_linux-ppc64le_bin.tar.gz,linux,ppc64,jdk,94
2025-07-29T00:18:00,sapmachine-21.0.8+7,227407324,True,sapmachine-jdk-21.0.8-ea.7_linux-x64-musl_bin-symbols.tar.gz,alpine,x64,jdk,0
2025-07-29T00:18:00,sapmachine-21.0.8+7,227407324,True,sapmachine-jdk-21.0.8-ea.7_linux-x64-musl_bin.tar.gz,alpine,x64,jdk,95
2025-07-29T00:18:00,sapmachine-21.0.8+7,227407324,True,sapmachine-jdk-21.0.8-ea.7_linux-x64_bin-symbols.tar.gz,linux,x64,jdk,0
2025-07-29T00:18:00,sapmachine-21.0.8+7,227407324,True,sapmachine-jdk-21.0.8-ea.7_linux-x64_bin.tar.gz,linux,x64,jdk,258
2025-07-29T00:18:00,sapmachine-21.0.8+7,227407324,True,sapmachine-jdk-21.0.8-ea.7_macos-aarch64_bin-symbols.tar.gz,macos,aarch64,jdk,0
2025-07-29T00:18:00,sapmachine-21.0.8+7,227407324,True,sapmachine-jdk-21.0.8-ea.7_macos-aarch64_bin.dmg,macos,aarch64,jdk,94
2025-07-29T00:18:00,sapmachine-21.0.8+7,227407324,True,sapmachine-jdk-21.0.8-ea.7_macos-aarch64_bin.tar.gz,macos,aarch64,jdk,447
2025-07-29T00:18:00,sapmachine-21.0.8+7,227407324,True,sapmachine-jdk-21.0.8-ea.7_macos-x64_bin-symbols.tar.gz,macos,x64,jdk,0
2025-07-29T00:18:00,sapmachine-21.0.8+7,227407324,True,sapmachine-jdk-21.0.8-ea.7_macos-x64_bin.dmg,macos,x64,jdk,94
2025-07-29T00:18:00,sapmachine-21.0.8+7,227407324,True,sapmachine-jdk-21.0.8-ea.7_macos-x64_bin.tar.gz,macos,x64,jdk,95
2025-07-29T00:18:00,sapmachine-21.0.8+7,227407324,True,sapmachine-jdk-21.0.8-ea.7_windows-x64_bin-symbols.tar.gz,windows,x64,jdk,0
2025-07-29T00:18:00,sapmachine-21.0.8+7,227407324,True,sapmachine-jdk-21.0.8-ea.7_windows-x64_bin.zip,windows,x64,jdk,273
2025-07-29T00:18:00,sapmachine-21.0.8+7,227407324,True,sapmachine-jre-21.0.8-ea.7_aix-ppc64_bin.tar.gz,aix,ppc64,jre,95
2025-07-29T00:18:00,sapmachine-21.0.8+7,227407324,True,sapmachine-jre-21.0.8-ea.7_linux-aarch64_bin.tar.gz,linux,aarch64,jre,96
2025-07-29T00:18:00,sapmachine-21.0.8+7,227407324,True,sapmachine-jre-21.0.8-ea.7_linux-ppc64le_bin.tar.gz,linux,ppc64,jre,95
2025-07-29T00:18:00,sapmachine-21.0.8+7,227407324,True,sapmachine-jre-21.0.8-ea.7_linux-x64-musl_bin.tar.gz,alpine,x64,jre,96
2025-07-29T00:18:00,sapmachine-21.0.8+7,227407324,True,sapmachine-jre-21.0.8-ea.7_linux-x64_bin.tar.gz,linux,x64,jre,96
2025-07-29T00:18:00,sapmachine-21.0.8+7,227407324,True,sapmachine-jre-21.0.8-ea.7_macos-aarch64_bin.dmg,macos,aarch64,jre,95
2025-07-29T00:18:00,sapmachine-21.0.8+7,227407324,True,sapmachine-jre-21.0.8-ea.7_macos-aarch64_bin.tar.gz,macos,aarch64,jre,170
2025-07-29T00:18:00,sapmachine-21.0.8+7,227407324,True,sapmachine-jre-21.0.8-ea.7_macos-x64_bin.dmg,macos,x64,jre,95
2025-07-29T00:18:00,sapmachine-21.0.8+7,227407324,True,sapmachine-jre-21.0.8-ea.7_macos-x64_bin.tar.gz,macos,x64,jre,96
2025-07-29T00:18:00,sapmachine-21.0.8+7,227407324,True,sapmachine-jre-21.0.8-ea.7_windows-x64_bin.zip,windows,x64,jre,95
2025-07-29T00:18:00,sapmachine-26+3,227519948,True,sapmachine-jdk-26-ea.3_aix-ppc64_bin-symbols.tar.gz,aix,ppc64,jdk,0
2025-07-29T00:18:00,sapmachine-26+3,227519948,True,sapmachine-jdk-26-ea.3_aix-ppc64_bin.tar.gz,aix,ppc64,jdk,124
2025-07-29T00:18:00,sapmachine-26+3,227519948,True,sapmachine-jdk-26-ea.3_linux-aarch64_bin-symbols.tar.gz,linux,aarch64,jdk,0
2025-07-29T00:18:00,sapmachine-26+3,227519948,True,sapmachine-jdk-26-ea.3_linux-aarch64_bin.tar.gz,linux,aarch64,jdk,115
2025-07-29T00:18:00,sapmachine-26+3,227519948,True,sapmachine-jdk-26-ea.3_linux-ppc64le_bin-symbols.tar.gz,linux,ppc64,jdk,0
2025-07-29T00:18:00,sapmachine-26+3,227519948,True,sapmachine-jdk-26-ea.3_linux-ppc64le_bin.tar.gz,linux,ppc64,jdk,115
2025-07-29T00:18:00,sapmachine-26+3,227519948,True,sapmachine-jdk-26-ea.3_linux-x64-musl_bin-symbols.tar.gz,alpine,x64,jdk,0
2025-07-29T00:18:00,sapmachine-26+3,227519948,True,sapmachine-jdk-26-ea.3_linux-x64-musl_bin.tar.gz,alpine,x64,jdk,125
2025-07-29T00:18:00,sapmachine-26+3,227519948,True,sapmachine-jdk-26-ea.3_linux-x64_bin-symbols.tar.gz,linux,x64,jdk,0
2025-07-29T00:18:00,sapmachine-26+3,227519948,True,sapmachine-jdk-26-ea.3_linux-x64_bin.tar.gz,linux,x64,jdk,118
2025-07-29T00:18:00,sapmachine-26+3,227519948,True,sapmachine-jdk-26-ea.3_macos-aarch64_bin-symbols.tar.gz,macos,aarch64,jdk,0
2025-07-29T00:18:00,sapmachine-26+3,227519948,True,sapmachine-jdk-26-ea.3_macos-aarch64_bin.dmg,macos,aarch64,jdk,126
2025-07-29T00:18:00,sapmachine-26+3,227519948,True,sapmachine-jdk-26-ea.3_macos-aarch64_bin.tar.gz,macos,aarch64,jdk,117
2025-07-29T00:18:00,sapmachine-26+3,227519948,True,sapmachine-jdk-26-ea.3_macos-x64_bin-symbols.tar.gz,macos,x64,jdk,0
2025-07-29T00:18:00,sapmachine-26+3,227519948,True,sapmachine-jdk-26-ea.3_macos-x64_bin.dmg,macos,x64,jdk,115
2025-07-29T00:18:00,sapmachine-26+3,227519948,True,sapmachine-jdk-26-ea.3_macos-x64_bin.tar.gz,macos,x64,jdk,116
2025-07-29T00:18:00,sapmachine-26+3,227519948,True,sapmachine-jdk-26-ea.3_windows-x64_bin-symbols.tar.gz,windows,x64,jdk,0
2025-07-29T00:18:00,sapmachine-26+3,227519948,True,sapmachine-jdk-26-ea.3_windows-x64_bin.zip,windows,x64,jdk,118
2025-07-29T00:18:00,sapmachine-26+3,227519948,True,sapmachine-jre-26-ea.3_aix-ppc64_bin.tar.gz,aix,ppc64,jre,122
2025-07-29T00:18:00,sapmachine-26+3,227519948,True,sapmachine-jre-26-ea.3_linux-aarch64_bin.tar.gz,linux,aarch64,jre,122
2025-07-29T00:18:00,sapmachine-26+3,227519948,True,sapmachine-jre-26-ea.3_linux-ppc64le_bin.tar.gz,linux,ppc64,jre,123
2025-07-29T00:18:00,sapmachine-26+3,227519948,True,sapmachine-jre-26-ea.3_linux-x64-musl_bin.tar.gz,alpine,x64,jre,117
2025-07-29T00:18:00,sapmachine-26+3,227519948,True,sapmachine-jre-26-ea.3_linux-x64_bin.tar.gz,linux,x64,jre,118
2025-07-29T00:18:00,sapmachine-26+3,227519948,True,sapmachine-jre-26-ea.3_macos-aarch64_bin.dmg,macos,aarch64,jre,125
2025-07-29T00:18:00,sapmachine-26+3,227519948,True,sapmachine-jre-26-ea.3_macos-aarch64_bin.tar.gz,macos,aarch64,jre,117
2025-07-29T00:18:00,sapmachine-26+3,227519948,True,sapmachine-jre-26-ea.3_macos-x64_bin.dmg,macos,x64,jre,120
2025-07-29T00:18:00,sapmachine-26+3,227519948,True,sapmachine-jre-26-ea.3_macos-x64_bin.tar.gz,macos,x64,jre,114
2025-07-29T00:18:00,sapmachine-26+3,227519948,True,sapmachine-jre-26-ea.3_windows-x64_bin.zip,windows,x64,jre,116
2025-07-29T00:18:00,sapmachine-25+28,227407469,True,sapmachine-jdk-25-ea.28_aix-ppc64_bin-symbols.tar.gz,aix,ppc64,jdk,0
2025-07-29T00:18:00,sapmachine-25+28,227407469,True,sapmachine-jdk-25-ea.28_aix-ppc64_bin.tar.gz,aix,ppc64,jdk,119
2025-07-29T00:18:00,sapmachine-25+28,227407469,True,sapmachine-jdk-25-ea.28_linux-aarch64_bin-symbols.tar.gz,linux,aarch64,jdk,0
2025-07-29T00:18:00,sapmachine-25+28,227407469,True,sapmachine-jdk-25-ea.28_linux-aarch64_bin.tar.gz,linux,aarch64,jdk,126
2025-07-29T00:18:00,sapmachine-25+28,227407469,True,sapmachine-jdk-25-ea.28_linux-ppc64le_bin-symbols.tar.gz,linux,ppc64,jdk,0
2025-07-29T00:18:00,sapmachine-25+28,227407469,True,sapmachine-jdk-25-ea.28_linux-ppc64le_bin.tar.gz,linux,ppc64,jdk,125
2025-07-29T00:18:00,sapmachine-25+28,227407469,True,sapmachine-jdk-25-ea.28_linux-x64-musl_bin-symbols.tar.gz,alpine,x64,jdk,0
2025-07-29T00:18:00,sapmachine-25+28,227407469,True,sapmachine-jdk-25-ea.28_linux-x64-musl_bin.tar.gz,alpine,x64,jdk,120
2025-07-29T00:18:00,sapmachine-25+28,227407469,True,sapmachine-jdk-25-ea.28_linux-x64_bin-symbols.tar.gz,linux,x64,jdk,0
2025-07-29T00:18:00,sapmachine-25+28,227407469,True,sapmachine-jdk-25-ea.28_linux-x64_bin.tar.gz,linux,x64,jdk,127
2025-07-29T00:18:00,sapmachine-25+28,227407469,True,sapmachine-jdk-25-ea.28_macos-aarch64_bin-symbols.tar.gz,macos,aarch64,jdk,0
2025-07-29T00:18:00,sapmachine-25+28,227407469,True,sapmachine-jdk-25-ea.28_macos-aarch64_bin.dmg,macos,aarch64,jdk,126
2025-07-29T00:18:00,sapmachine-25+28,227407469,True,sapmachine-jdk-25-ea.28_macos-aarch64_bin.tar.gz,macos,aarch64,jdk,123
2025-07-29T00:18:00,sapmachine-25+28,227407469,True,sapmachine-jdk-25-ea.28_macos-x64_bin-symbols.tar.gz,macos,x64,jdk,0
2025-07-29T00:18:00,sapmachine-25+28,227407469,True,sapmachine-jdk-25-ea.28_macos-x64_bin.dmg,macos,x64,jdk,119
2025-07-29T00:18:00,sapmachine-25+28,227407469,True,sapmachine-jdk-25-ea.28_macos-x64_bin.tar.gz,macos,x64,jdk,120
2025-07-29T00:18:00,sapmachine-25+28,227407469,True,sapmachine-jdk-25-ea.28_windows-x64_bin-symbols.tar.gz,windows,x64,jdk,0
2025-07-29T00:18:00,sapmachine-25+28,227407469,True,sapmachine-jdk-25-ea.28_windows-x64_bin.zip,windows,x64,jdk,121
2025-07-29T00:18:00,sapmachine-25+28,227407469,True,sapmachine-jre-25-ea.28_aix-ppc64_bin.tar.gz,aix,ppc64,jre,120
2025-07-29T00:18:00,sapmachine-25+28,227407469,True,sapmachine-jre-25-ea.28_linux-aarch64_bin.tar.gz,linux,aarch64,jre,119
2025-07-29T00:18:00,sapmachine-25+28,227407469,True,sapmachine-jre-25-ea.28_linux-ppc64le_bin.tar.gz,linux,ppc64,jre,119
2025-07-29T00:18:00,sapmachine-25+28,227407469,True,sapmachine-jre-25-ea.28_linux-x64-musl_bin.tar.gz,alpine,x64,jre,120
2025-07-29T00:18:00,sapmachine-25+28,227407469,True,sapmachine-jre-25-ea.28_linux-x64_bin.tar.gz,linux,x64,jre,120
2025-07-29T00:18:00,sapmachine-25+28,227407469,True,sapmachine-jre-25-ea.28_macos-aarch64_bin.dmg,macos,aarch64,jre,132
2025-07-29T00:18:00,sapmachine-25+28,227407469,True,sapmachine-jre-25-ea.28_macos-aarch64_bin.tar.gz,macos,aarch64,jre,122
2025-07-29T00:18:00,sapmachine-25+28,227407469,True,sapmachine-jre-25-ea.28_macos-x64_bin.dmg,macos,x64,jre,120
2025-07-29T00:18:00,sapmachine-25+28,227407469,True,sapmachine-jre-25-ea.28_macos-x64_bin.tar.gz,macos,x64,jre,120
2025-07-29T00:18:00,sapmachine-25+28,227407469,True,sapmachine-jre-25-ea.28_windows-x64_bin.zip,windows,x64,jre,122
2025-07-29T00:18:00,sapmachine-17.0.16+7,227410303,True,sapmachine-jdk-17.0.16-ea.7_linux-aarch64_bin-symbols.tar.gz,linux,aarch64,jdk,0
2025-07-29T00:18:00,sapmachine-17.0.16+7,227410303,True,sapmachine-jdk-17.0.16-ea.7_linux-aarch64_bin.tar.gz,linux,aarch64,jdk,118
2025-07-29T00:18:00,sapmachine-17.0.16+7,227410303,True,sapmachine-jdk-17.0.16-ea.7_linux-ppc64le_bin-symbols.tar.gz,linux,ppc64,jdk,0
2025-07-29T00:18:00,sapmachine-17.0.16+7,227410303,True,sapmachine-jdk-17.0.16-ea.7_linux-ppc64le_bin.tar.gz,linux,ppc64,jdk,119
2025-07-29T00:18:00,sapmachine-17.0.16+7,227410303,True,sapmachine-jdk-17.0.16-ea.7_linux-x64-musl_bin-symbols.tar.gz,alpine,x64,jdk,0
2025-07-29T00:18:00,sapmachine-17.0.16+7,227410303,True,sapmachine-jdk-17.0.16-ea.7_linux-x64-musl_bin.tar.gz,alpine,x64,jdk,120
2025-07-29T00:18:00,sapmachine-17.0.16+7,227410303,True,sapmachine-jdk-17.0.16-ea.7_linux-x64_bin-symbols.tar.gz,linux,x64,jdk,0
2025-07-29T00:18:00,sapmachine-17.0.16+7,227410303,True,sapmachine-jdk-17.0.16-ea.7_linux-x64_bin.tar.gz,linux,x64,jdk,558
2025-07-29T00:18:00,sapmachine-17.0.16+7,227410303,True,sapmachine-jdk-17.0.16-ea.7_macos-aarch64_bin-symbols.tar.gz,macos,aarch64,jdk,0
2025-07-29T00:18:00,sapmachine-17.0.16+7,227410303,True,sapmachine-jdk-17.0.16-ea.7_macos-aarch64_bin.dmg,macos,aarch64,jdk,127
2025-07-29T00:18:00,sapmachine-17.0.16+7,227410303,True,sapmachine-jdk-17.0.16-ea.7_macos-aarch64_bin.tar.gz,macos,aarch64,jdk,657
2025-07-29T00:18:00,sapmachine-17.0.16+7,227410303,True,sapmachine-jdk-17.0.16-ea.7_macos-x64_bin-symbols.tar.gz,macos,x64,jdk,0
2025-07-29T00:18:00,sapmachine-17.0.16+7,227410303,True,sapmachine-jdk-17.0.16-ea.7_macos-x64_bin.dmg,macos,x64,jdk,121
2025-07-29T00:18:00,sapmachine-17.0.16+7,227410303,True,sapmachine-jdk-17.0.16-ea.7_macos-x64_bin.tar.gz,macos,x64,jdk,122
2025-07-29T00:18:00,sapmachine-17.0.16+7,227410303,True,sapmachine-jdk-17.0.16-ea.7_windows-x64_bin-symbols.tar.gz,windows,x64,jdk,0
2025-07-29T00:18:00,sapmachine-17.0.16+7,227410303,True,sapmachine-jdk-17.0.16-ea.7_windows-x64_bin.zip,windows,x64,jdk,546
2025-07-29T00:18:00,sapmachine-17.0.16+7,227410303,True,sapmachine-jre-17.0.16-ea.7_linux-aarch64_bin.tar.gz,linux,aarch64,jre,118
2025-07-29T00:18:00,sapmachine-17.0.16+7,227410303,True,sapmachine-jre-17.0.16-ea.7_linux-ppc64le_bin.tar.gz,linux,ppc64,jre,120
2025-07-29T00:18:00,sapmachine-17.0.16+7,227410303,True,sapmachine-jre-17.0.16-ea.7_linux-x64-musl_bin.tar.gz,alpine,x64,jre,121
2025-07-29T00:18:00,sapmachine-17.0.16+7,227410303,True,sapmachine-jre-17.0.16-ea.7_linux-x64_bin.tar.gz,linux,x64,jre,129
2025-07-29T00:18:00,sapmachine-17.0.16+7,227410303,True,sapmachine-jre-17.0.16-ea.7_macos-aarch64_bin.dmg,macos,aarch64,jre,121
2025-07-29T00:18:00,sapmachine-17.0.16+7,227410303,True,sapmachine-jre-17.0.16-ea.7_macos-aarch64_bin.tar.gz,macos,aarch64,jre,124
2025-07-29T00:18:00,sapmachine-17.0.16+7,227410303,True,sapmachine-jre-17.0.16-ea.7_macos-x64_bin.dmg,macos,x64,jre,120
2025-07-29T00:18:00,sapmachine-17.0.16+7,227410303,True,sapmachine-jre-17.0.16-ea.7_macos-x64_bin.tar.gz,macos,x64,jre,120
2025-07-29T00:18:00,sapmachine-17.0.16+7,227410303,True,sapmachine-jre-17.0.16-ea.7_windows-x64_bin.zip,windows,x64,jre,123
2025-07-29T00:18:00,sapmachine-26+2,226931845,True,sapmachine-jdk-26-ea.2_aix-ppc64_bin-symbols.tar.gz,aix,ppc64,jdk,0
2025-07-29T00:18:00,sapmachine-26+2,226931845,True,sapmachine-jdk-26-ea.2_aix-ppc64_bin.tar.gz,aix,ppc64,jdk,131
2025-07-29T00:18:00,sapmachine-26+2,226931845,True,sapmachine-jdk-26-ea.2_linux-aarch64_bin-symbols.tar.gz,linux,aarch64,jdk,0
2025-07-29T00:18:00,sapmachine-26+2,226931845,True,sapmachine-jdk-26-ea.2_linux-aarch64_bin.tar.gz,linux,aarch64,jdk,132
2025-07-29T00:18:00,sapmachine-26+2,226931845,True,sapmachine-jdk-26-ea.2_linux-ppc64le_bin-symbols.tar.gz,linux,ppc64,jdk,0
2025-07-29T00:18:00,sapmachine-26+2,226931845,True,sapmachine-jdk-26-ea.2_linux-ppc64le_bin.tar.gz,linux,ppc64,jdk,130
2025-07-29T00:18:00,sapmachine-26+2,226931845,True,sapmachine-jdk-26-ea.2_linux-x64-musl_bin-symbols.tar.gz,alpine,x64,jdk,0
2025-07-29T00:18:00,sapmachine-26+2,226931845,True,sapmachine-jdk-26-ea.2_linux-x64-musl_bin.tar.gz,alpine,x64,jdk,133
2025-07-29T00:18:00,sapmachine-26+2,226931845,True,sapmachine-jdk-26-ea.2_linux-x64_bin-symbols.tar.gz,linux,x64,jdk,0
2025-07-29T00:18:00,sapmachine-26+2,226931845,True,sapmachine-jdk-26-ea.2_linux-x64_bin.tar.gz,linux,x64,jdk,132
2025-07-29T00:18:00,sapmachine-26+2,226931845,True,sapmachine-jdk-26-ea.2_macos-aarch64_bin-symbols.tar.gz,macos,aarch64,jdk,0
2025-07-29T00:18:00,sapmachine-26+2,226931845,True,sapmachine-jdk-26-ea.2_macos-aarch64_bin.dmg,macos,aarch64,jdk,133
2025-07-29T00:18:00,sapmachine-26+2,226931845,True,sapmachine-jdk-26-ea.2_macos-aarch64_bin.tar.gz,macos,aarch64,jdk,140
2025-07-29T00:18:00,sapmachine-26+2,226931845,True,sapmachine-jdk-26-ea.2_macos-x64_bin-symbols.tar.gz,macos,x64,jdk,0
2025-07-29T00:18:00,sapmachine-26+2,226931845,True,sapmachine-jdk-26-ea.2_macos-x64_bin.dmg,macos,x64,jdk,128
2025-07-29T00:18:00,sapmachine-26+2,226931845,True,sapmachine-jdk-26-ea.2_macos-x64_bin.tar.gz,macos,x64,jdk,137
2025-07-29T00:18:00,sapmachine-26+2,226931845,True,sapmachine-jdk-26-ea.2_windows-x64_bin-symbols.tar.gz,windows,x64,jdk,0
2025-07-29T00:18:00,sapmachine-26+2,226931845,True,sapmachine-jdk-26-ea.2_windows-x64_bin.zip,windows,x64,jdk,143
2025-07-29T00:18:00,sapmachine-26+2,226931845,True,sapmachine-jre-26-ea.2_aix-ppc64_bin.tar.gz,aix,ppc64,jre,130
2025-07-29T00:18:00,sapmachine-26+2,226931845,True,sapmachine-jre-26-ea.2_linux-aarch64_bin.tar.gz,linux,aarch64,jre,139
2025-07-29T00:18:00,sapmachine-26+2,226931845,True,sapmachine-jre-26-ea.2_linux-ppc64le_bin.tar.gz,linux,ppc64,jre,128
2025-07-29T00:18:00,sapmachine-26+2,226931845,True,sapmachine-jre-26-ea.2_linux-x64-musl_bin.tar.gz,alpine,x64,jre,132
2025-07-29T00:18:00,sapmachine-26+2,226931845,True,sapmachine-jre-26-ea.2_linux-x64_bin.tar.gz,linux,x64,jre,132
2025-07-29T00:18:00,sapmachine-26+2,226931845,True,sapmachine-jre-26-ea.2_macos-aarch64_bin.dmg,macos,aarch64,jre,132
2025-07-29T00:18:00,sapmachine-26+2,226931845,True,sapmachine-jre-26-ea.2_macos-aarch64_bin.tar.gz,macos,aarch64,jre,140
2025-07-29T00:18:00,sapmachine-26+2,226931845,True,sapmachine-jre-26-ea.2_macos-x64_bin.dmg,macos,x64,jre,127
2025-07-29T00:18:00,sapmachine-26+2,226931845,True,sapmachine-jre-26-ea.2_macos-x64_bin.tar.gz,macos,x64,jre,129
2025-07-29T00:18:00,sapmachine-26+2,226931845,True,sapmachine-jre-26-ea.2_windows-x64_bin.zip,windows,x64,jre,129
2025-07-29T00:18:00,sapmachine-25+27,226803688,True,sapmachine-jdk-25-ea.27_aix-ppc64_bin-symbols.tar.gz,aix,ppc64,jdk,0
2025-07-29T00:18:00,sapmachine-25+27,226803688,True,sapmachine-jdk-25-ea.27_aix-ppc64_bin.tar.gz,aix,ppc64,jdk,139
2025-07-29T00:18:00,sapmachine-25+27,226803688,True,sapmachine-jdk-25-ea.27_linux-aarch64_bin-symbols.tar.gz,linux,aarch64,jdk,0
2025-07-29T00:18:00,sapmachine-25+27,226803688,True,sapmachine-jdk-25-ea.27_linux-aarch64_bin.tar.gz,linux,aarch64,jdk,139
2025-07-29T00:18:00,sapmachine-25+27,226803688,True,sapmachine-jdk-25-ea.27_linux-ppc64le_bin-symbols.tar.gz,linux,ppc64,jdk,0
2025-07-29T00:18:00,sapmachine-25+27,226803688,True,sapmachine-jdk-25-ea.27_linux-ppc64le_bin.tar.gz,linux,ppc64,jdk,137
2025-07-29T00:18:00,sapmachine-25+27,226803688,True,sapmachine-jdk-25-ea.27_linux-x64-musl_bin-symbols.tar.gz,alpine,x64,jdk,0
2025-07-29T00:18:00,sapmachine-25+27,226803688,True,sapmachine-jdk-25-ea.27_linux-x64-musl_bin.tar.gz,alpine,x64,jdk,140
2025-07-29T00:18:00,sapmachine-25+27,226803688,True,sapmachine-jdk-25-ea.27_linux-x64_bin-symbols.tar.gz,linux,x64,jdk,0
2025-07-29T00:18:00,sapmachine-25+27,226803688,True,sapmachine-jdk-25-ea.27_linux-x64_bin.tar.gz,linux,x64,jdk,141
2025-07-29T00:18:00,sapmachine-25+27,226803688,True,sapmachine-jdk-25-ea.27_macos-aarch64_bin-symbols.tar.gz,macos,aarch64,jdk,0
2025-07-29T00:18:00,sapmachine-25+27,226803688,True,sapmachine-jdk-25-ea.27_macos-aarch64_bin.dmg,macos,aarch64,jdk,144
2025-07-29T00:18:00,sapmachine-25+27,226803688,True,sapmachine-jdk-25-ea.27_macos-aarch64_bin.tar.gz,macos,aarch64,jdk,140
2025-07-29T00:18:00,sapmachine-25+27,226803688,True,sapmachine-jdk-25-ea.27_macos-x64_bin-symbols.tar.gz,macos,x64,jdk,0
2025-07-29T00:18:00,sapmachine-25+27,226803688,True,sapmachine-jdk-25-ea.27_macos-x64_bin.dmg,macos,x64,jdk,136
2025-07-29T00:18:00,sapmachine-25+27,226803688,True,sapmachine-jdk-25-ea.27_macos-x64_bin.tar.gz,macos,x64,jdk,138
2025-07-29T00:18:00,sapmachine-25+27,226803688,True,sapmachine-jdk-25-ea.27_windows-x64_bin-symbols.tar.gz,windows,x64,jdk,0
2025-07-29T00:18:00,sapmachine-25+27,226803688,True,sapmachine-jdk-25-ea.27_windows-x64_bin.zip,windows,x64,jdk,138
2025-07-29T00:18:00,sapmachine-25+27,226803688,True,sapmachine-jre-25-ea.27_aix-ppc64_bin.tar.gz,aix,ppc64,jre,138
2025-07-29T00:18:00,sapmachine-25+27,226803688,True,sapmachine-jre-25-ea.27_linux-aarch64_bin.tar.gz,linux,aarch64,jre,156
2025-07-29T00:18:00,sapmachine-25+27,226803688,True,sapmachine-jre-25-ea.27_linux-ppc64le_bin.tar.gz,linux,ppc64,jre,136
2025-07-29T00:18:00,sapmachine-25+27,226803688,True,sapmachine-jre-25-ea.27_linux-x64-musl_bin.tar.gz,alpine,x64,jre,149
2025-07-29T00:18:00,sapmachine-25+27,226803688,True,sapmachine-jre-25-ea.27_linux-x64_bin.tar.gz,linux,x64,jre,148
2025-07-29T00:18:00,sapmachine-25+27,226803688,True,sapmachine-jre-25-ea.27_macos-aarch64_bin.dmg,macos,aarch64,jre,140
2025-07-29T00:18:00,sapmachine-25+27,226803688,True,sapmachine-jre-25-ea.27_macos-aarch64_bin.tar.gz,macos,aarch64,jre,142
2025-07-29T00:18:00,sapmachine-25+27,226803688,True,sapmachine-jre-25-ea.27_macos-x64_bin.dmg,macos,x64,jre,145
2025-07-29T00:18:00,sapmachine-25+27,226803688,True,sapmachine-jre-25-ea.27_macos-x64_bin.tar.gz,macos,x64,jre,139
2025-07-29T00:18:00,sapmachine-25+27,226803688,True,sapmachine-jre-25-ea.27_windows-x64_bin.zip,windows,x64,jre,139
2025-07-29T00:18:00,sapmachine-11.0.28+5,226803990,True,sapmachine-jdk-11.0.28-ea.5_linux-x64_bin-symbols.tar.gz,linux,x64,jdk,0
2025-07-29T00:18:00,sapmachine-11.0.28+5,226803990,True,sapmachine-jdk-11.0.28-ea.5_linux-x64_bin.tar.gz,linux,x64,jdk,164
2025-07-29T00:18:00,sapmachine-11.0.28+5,226803990,True,sapmachine-jre-11.0.28-ea.5_linux-x64_bin.tar.gz,linux,x64,jre,140
2025-07-29T00:18:00,sapmachine-21.0.8+6,225040625,True,sapmachine-jdk-21.0.8-ea.6_aix-ppc64_bin-symbols.tar.gz,aix,ppc64,jdk,0
2025-07-29T00:18:00,sapmachine-21.0.8+6,225040625,True,sapmachine-jdk-21.0.8-ea.6_aix-ppc64_bin.tar.gz,aix,ppc64,jdk,148
2025-07-29T00:18:00,sapmachine-21.0.8+6,225040625,True,sapmachine-jdk-21.0.8-ea.6_linux-aarch64_bin-symbols.tar.gz,linux,aarch64,jdk,0
2025-07-29T00:18:00,sapmachine-21.0.8+6,225040625,True,sapmachine-jdk-21.0.8-ea.6_linux-aarch64_bin.tar.gz,linux,aarch64,jdk,158
2025-07-29T00:18:00,sapmachine-21.0.8+6,225040625,True,sapmachine-jdk-21.0.8-ea.6_linux-ppc64le_bin-symbols.tar.gz,linux,ppc64,jdk,0
2025-07-29T00:18:00,sapmachine-21.0.8+6,225040625,True,sapmachine-jdk-21.0.8-ea.6_linux-ppc64le_bin.tar.gz,linux,ppc64,jdk,147
2025-07-29T00:18:00,sapmachine-21.0.8+6,225040625,True,sapmachine-jdk-21.0.8-ea.6_linux-x64-musl_bin-symbols.tar.gz,alpine,x64,jdk,0
2025-07-29T00:18:00,sapmachine-21.0.8+6,225040625,True,sapmachine-jdk-21.0.8-ea.6_linux-x64-musl_bin.tar.gz,alpine,x64,jdk,149
2025-07-29T00:18:00,sapmachine-21.0.8+6,225040625,True,sapmachine-jdk-21.0.8-ea.6_linux-x64_bin-symbols.tar.gz,linux,x64,jdk,0
2025-07-29T00:18:00,sapmachine-21.0.8+6,225040625,True,sapmachine-jdk-21.0.8-ea.6_linux-x64_bin.tar.gz,linux,x64,jdk,312
2025-07-29T00:18:00,sapmachine-21.0.8+6,225040625,True,sapmachine-jdk-21.0.8-ea.6_macos-aarch64_bin-symbols.tar.gz,macos,aarch64,jdk,0
2025-07-29T00:18:00,sapmachine-21.0.8+6,225040625,True,sapmachine-jdk-21.0.8-ea.6_macos-aarch64_bin.dmg,macos,aarch64,jdk,152
2025-07-29T00:18:00,sapmachine-21.0.8+6,225040625,True,sapmachine-jdk-21.0.8-ea.6_macos-aarch64_bin.tar.gz,macos,aarch64,jdk,336
2025-07-29T00:18:00,sapmachine-21.0.8+6,225040625,True,sapmachine-jdk-21.0.8-ea.6_macos-x64_bin-symbols.tar.gz,macos,x64,jdk,0
2025-07-29T00:18:00,sapmachine-21.0.8+6,225040625,True,sapmachine-jdk-21.0.8-ea.6_macos-x64_bin.dmg,macos,x64,jdk,147
2025-07-29T00:18:00,sapmachine-21.0.8+6,225040625,True,sapmachine-jdk-21.0.8-ea.6_macos-x64_bin.tar.gz,macos,x64,jdk,171
2025-07-29T00:18:00,sapmachine-21.0.8+6,225040625,True,sapmachine-jdk-21.0.8-ea.6_windows-x64_bin-symbols.tar.gz,windows,x64,jdk,0
2025-07-29T00:18:00,sapmachine-21.0.8+6,225040625,True,sapmachine-jdk-21.0.8-ea.6_windows-x64_bin.zip,windows,x64,jdk,310
2025-07-29T00:18:00,sapmachine-21.0.8+6,225040625,True,sapmachine-jre-21.0.8-ea.6_aix-ppc64_bin.tar.gz,aix,ppc64,jre,148
2025-07-29T00:18:00,sapmachine-21.0.8+6,225040625,True,sapmachine-jre-21.0.8-ea.6_linux-aarch64_bin.tar.gz,linux,aarch64,jre,148
2025-07-29T00:18:00,sapmachine-21.0.8+6,225040625,True,sapmachine-jre-21.0.8-ea.6_linux-ppc64le_bin.tar.gz,linux,ppc64,jre,157
2025-07-29T00:18:00,sapmachine-21.0.8+6,225040625,True,sapmachine-jre-21.0.8-ea.6_linux-x64-musl_bin.tar.gz,alpine,x64,jre,149
2025-07-29T00:18:00,sapmachine-21.0.8+6,225040625,True,sapmachine-jre-21.0.8-ea.6_linux-x64_bin.tar.gz,linux,x64,jre,161
2025-07-29T00:18:00,sapmachine-21.0.8+6,225040625,True,sapmachine-jre-21.0.8-ea.6_macos-aarch64_bin.dmg,macos,aarch64,jre,148
2025-07-29T00:18:00,sapmachine-21.0.8+6,225040625,True,sapmachine-jre-21.0.8-ea.6_macos-aarch64_bin.tar.gz,macos,aarch64,jre,171
2025-07-29T00:18:00,sapmachine-21.0.8+6,225040625,True,sapmachine-jre-21.0.8-ea.6_macos-x64_bin.dmg,macos,x64,jre,155
2025-07-29T00:18:00,sapmachine-21.0.8+6,225040625,True,sapmachine-jre-21.0.8-ea.6_macos-x64_bin.tar.gz,macos,x64,jre,149
2025-07-29T00:18:00,sapmachine-21.0.8+6,225040625,True,sapmachine-jre-21.0.8-ea.6_windows-x64_bin.zip,windows,x64,jre,147
2025-07-29T00:18:00,sapmachine-26+1,225040665,True,sapmachine-jdk-26-ea.1_aix-ppc64_bin-symbols.tar.gz,aix,ppc64,jdk,0
2025-07-29T00:18:00,sapmachine-26+1,225040665,True,sapmachine-jdk-26-ea.1_aix-ppc64_bin.tar.gz,aix,ppc64,jdk,200
2025-07-29T00:18:00,sapmachine-26+1,225040665,True,sapmachine-jdk-26-ea.1_linux-aarch64_bin-symbols.tar.gz,linux,aarch64,jdk,0
2025-07-29T00:18:00,sapmachine-26+1,225040665,True,sapmachine-jdk-26-ea.1_linux-aarch64_bin.tar.gz,linux,aarch64,jdk,177
2025-07-29T00:18:00,sapmachine-26+1,225040665,True,sapmachine-jdk-26-ea.1_linux-ppc64le_bin-symbols.tar.gz,linux,ppc64,jdk,0
2025-07-29T00:18:00,sapmachine-26+1,225040665,True,sapmachine-jdk-26-ea.1_linux-ppc64le_bin.tar.gz,linux,ppc64,jdk,171
2025-07-29T00:18:00,sapmachine-26+1,225040665,True,sapmachine-jdk-26-ea.1_linux-x64-musl_bin-symbols.tar.gz,alpine,x64,jdk,0
2025-07-29T00:18:00,sapmachine-26+1,225040665,True,sapmachine-jdk-26-ea.1_linux-x64-musl_bin.tar.gz,alpine,x64,jdk,179
2025-07-29T00:18:00,sapmachine-26+1,225040665,True,sapmachine-jdk-26-ea.1_linux-x64_bin-symbols.tar.gz,linux,x64,jdk,0
2025-07-29T00:18:00,sapmachine-26+1,225040665,True,sapmachine-jdk-26-ea.1_linux-x64_bin.tar.gz,linux,x64,jdk,178
2025-07-29T00:18:00,sapmachine-26+1,225040665,True,sapmachine-jdk-26-ea.1_macos-aarch64_bin-symbols.tar.gz,macos,aarch64,jdk,0
2025-07-29T00:18:00,sapmachine-26+1,225040665,True,sapmachine-jdk-26-ea.1_macos-aarch64_bin.dmg,macos,aarch64,jdk,175
2025-07-29T00:18:00,sapmachine-26+1,225040665,True,sapmachine-jdk-26-ea.1_macos-aarch64_bin.tar.gz,macos,aarch64,jdk,178
2025-07-29T00:18:00,sapmachine-26+1,225040665,True,sapmachine-jdk-26-ea.1_macos-x64_bin-symbols.tar.gz,macos,x64,jdk,0
2025-07-29T00:18:00,sapmachine-26+1,225040665,True,sapmachine-jdk-26-ea.1_macos-x64_bin.dmg,macos,x64,jdk,198
2025-07-29T00:18:00,sapmachine-26+1,225040665,True,sapmachine-jdk-26-ea.1_macos-x64_bin.tar.gz,macos,x64,jdk,183
2025-07-29T00:18:00,sapmachine-26+1,225040665,True,sapmachine-jdk-26-ea.1_windows-x64_bin-symbols.tar.gz,windows,x64,jdk,0
2025-07-29T00:18:00,sapmachine-26+1,225040665,True,sapmachine-jdk-26-ea.1_windows-x64_bin.zip,windows,x64,jdk,178
2025-07-29T00:18:00,sapmachine-26+1,225040665,True,sapmachine-jre-26-ea.1_aix-ppc64_bin.tar.gz,aix,ppc64,jre,172
2025-07-29T00:18:00,sapmachine-26+1,225040665,True,sapmachine-jre-26-ea.1_linux-aarch64_bin.tar.gz,linux,aarch64,jre,176
2025-07-29T00:18:00,sapmachine-26+1,225040665,True,sapmachine-jre-26-ea.1_linux-ppc64le_bin.tar.gz,linux,ppc64,jre,170
2025-07-29T00:18:00,sapmachine-26+1,225040665,True,sapmachine-jre-26-ea.1_linux-x64-musl_bin.tar.gz,alpine,x64,jre,185
2025-07-29T00:18:00,sapmachine-26+1,225040665,True,sapmachine-jre-26-ea.1_linux-x64_bin.tar.gz,linux,x64,jre,186
2025-07-29T00:18:00,sapmachine-26+1,225040665,True,sapmachine-jre-26-ea.1_macos-aarch64_bin.dmg,macos,aarch64,jre,183
2025-07-29T00:18:00,sapmachine-26+1,225040665,True,sapmachine-jre-26-ea.1_macos-aarch64_bin.tar.gz,macos,aarch64,jre,177
2025-07-29T00:18:00,sapmachine-26+1,225040665,True,sapmachine-jre-26-ea.1_macos-x64_bin.dmg,macos,x64,jre,171
2025-07-29T00:18:00,sapmachine-26+1,225040665,True,sapmachine-jre-26-ea.1_macos-x64_bin.tar.gz,macos,x64,jre,175
2025-07-29T00:18:00,sapmachine-26+1,225040665,True,sapmachine-jre-26-ea.1_windows-x64_bin.zip,windows,x64,jre,182
2025-07-29T00:18:00,sapmachine-17.0.16+6,225041485,True,sapmachine-jdk-17.0.16-ea.6_linux-aarch64_bin-symbols.tar.gz,linux,aarch64,jdk,0
2025-07-29T00:18:00,sapmachine-17.0.16+6,225041485,True,sapmachine-jdk-17.0.16-ea.6_linux-aarch64_bin.tar.gz,linux,aarch64,jdk,177
2025-07-29T00:18:00,sapmachine-17.0.16+6,225041485,True,sapmachine-jdk-17.0.16-ea.6_linux-ppc64le_bin-symbols.tar.gz,linux,ppc64,jdk,0
2025-07-29T00:18:00,sapmachine-17.0.16+6,225041485,True,sapmachine-jdk-17.0.16-ea.6_linux-ppc64le_bin.tar.gz,linux,ppc64,jdk,170
2025-07-29T00:18:00,sapmachine-17.0.16+6,225041485,True,sapmachine-jdk-17.0.16-ea.6_linux-x64-musl_bin-symbols.tar.gz,alpine,x64,jdk,0
2025-07-29T00:18:00,sapmachine-17.0.16+6,225041485,True,sapmachine-jdk-17.0.16-ea.6_linux-x64-musl_bin.tar.gz,alpine,x64,jdk,186
2025-07-29T00:18:00,sapmachine-17.0.16+6,225041485,True,sapmachine-jdk-17.0.16-ea.6_linux-x64_bin-symbols.tar.gz,linux,x64,jdk,0
2025-07-29T00:18:00,sapmachine-17.0.16+6,225041485,True,sapmachine-jdk-17.0.16-ea.6_linux-x64_bin.tar.gz,linux,x64,jdk,472
2025-07-29T00:18:00,sapmachine-17.0.16+6,225041485,True,sapmachine-jdk-17.0.16-ea.6_macos-aarch64_bin-symbols.tar.gz,macos,aarch64,jdk,0
2025-07-29T00:18:00,sapmachine-17.0.16+6,225041485,True,sapmachine-jdk-17.0.16-ea.6_macos-aarch64_bin.dmg,macos,aarch64,jdk,175
2025-07-29T00:18:00,sapmachine-17.0.16+6,225041485,True,sapmachine-jdk-17.0.16-ea.6_macos-aarch64_bin.tar.gz,macos,aarch64,jdk,576
2025-07-29T00:18:00,sapmachine-17.0.16+6,225041485,True,sapmachine-jdk-17.0.16-ea.6_macos-x64_bin-symbols.tar.gz,macos,x64,jdk,0
2025-07-29T00:18:00,sapmachine-17.0.16+6,225041485,True,sapmachine-jdk-17.0.16-ea.6_macos-x64_bin.dmg,macos,x64,jdk,171
2025-07-29T00:18:00,sapmachine-17.0.16+6,225041485,True,sapmachine-jdk-17.0.16-ea.6_macos-x64_bin.tar.gz,macos,x64,jdk,178
2025-07-29T00:18:00,sapmachine-17.0.16+6,225041485,True,sapmachine-jdk-17.0.16-ea.6_windows-x64_bin-symbols.tar.gz,windows,x64,jdk,0
2025-07-29T00:18:00,sapmachine-17.0.16+6,225041485,True,sapmachine-jdk-17.0.16-ea.6_windows-x64_bin.zip,windows,x64,jdk,455
2025-07-29T00:18:00,sapmachine-17.0.16+6,225041485,True,sapmachine-jre-17.0.16-ea.6_linux-aarch64_bin.tar.gz,linux,aarch64,jre,176
2025-07-29T00:18:00,sapmachine-17.0.16+6,225041485,True,sapmachine-jre-17.0.16-ea.6_linux-ppc64le_bin.tar.gz,linux,ppc64,jre,172
2025-07-29T00:18:00,sapmachine-17.0.16+6,225041485,True,sapmachine-jre-17.0.16-ea.6_linux-x64-musl_bin.tar.gz,alpine,x64,jre,178
2025-07-29T00:18:00,sapmachine-17.0.16+6,225041485,True,sapmachine-jre-17.0.16-ea.6_linux-x64_bin.tar.gz,linux,x64,jre,184
2025-07-29T00:18:00,sapmachine-17.0.16+6,225041485,True,sapmachine-jre-17.0.16-ea.6_macos-aarch64_bin.dmg,macos,aarch64,jre,174
2025-07-29T00:18:00,sapmachine-17.0.16+6,225041485,True,sapmachine-jre-17.0.16-ea.6_macos-aarch64_bin.tar.gz,macos,aarch64,jre,177
2025-07-29T00:18:00,sapmachine-17.0.16+6,225041485,True,sapmachine-jre-17.0.16-ea.6_macos-x64_bin.dmg,macos,x64,jre,193
2025-07-29T00:18:00,sapmachine-17.0.16+6,225041485,True,sapmachine-jre-17.0.16-ea.6_macos-x64_bin.tar.gz,macos,x64,jre,176
2025-07-29T00:18:00,sapmachine-17.0.16+6,225041485,True,sapmachine-jre-17.0.16-ea.6_windows-x64_bin.zip,windows,x64,jre,175
2025-07-29T00:18:00,sapmachine-11.0.28+4,224754022,True,sapmachine-jdk-11.0.28-ea.4_linux-x64_bin-symbols.tar.gz,linux,x64,jdk,0
2025-07-29T00:18:00,sapmachine-11.0.28+4,224754022,True,sapmachine-jdk-11.0.28-ea.4_linux-x64_bin.tar.gz,linux,x64,jdk,195
2025-07-29T00:18:00,sapmachine-11.0.28+4,224754022,True,sapmachine-jre-11.0.28-ea.4_linux-x64_bin.tar.gz,linux,x64,jre,181
